create database DongHo ;
use DongHo;
show databases

insert into vaitro(maVT, tenVT, createdAt, updatedAt)
values('A00', 'admin', now(), now()),
		('A01', 'user', now(), now());
-- nhà cc 
INSERT INTO NhaCungCap (maNCC, tenNCC, diaChi, sdt, email, createdAt, updatedAt) VALUES
('550e8400-e29b-41d4-a716-446655440000', 'Công ty Đồng Hồ VNVIP', '123 Đường Lê Lợi, Hà Nội', '0987654321', 'abc@donghoabc.com', '2023-01-10 08:30:00', '2023-01-10 08:30:00'),
('550e8400-e29b-41d4-a716-446655440001', 'Nhà cung cấp Đồng Hồ BALK', '456 Phố Huế, Hà Nội', '0912345678', 'xyz@donghoxyz.vn', '2023-01-12 09:00:00', '2023-01-12 09:00:00'),
('550e8400-e29b-41d4-a716-446655440002', 'Cung ứng Đồng Hồ Cao Cấp', '789 Đường Trần Phú, TP.HCM', '0977123456', 'caocap@dongho.com', '2023-01-15 10:00:00', '2023-01-15 10:00:00'),
('550e8400-e29b-41d4-a716-446655440003', 'Công ty Đồng Hồ Minh Long', '12 Nguyễn Trãi, Đà Nẵng', '0901234567', 'minhlong@dongho.com', '2023-01-20 11:00:00', '2023-01-20 11:00:00'),
('550e8400-e29b-41d4-a716-446655440004', 'Nhà cung cấp Đồng Hồ Sài Gòn', '34 Lê Lợi, TP.HCM', '0934567890', 'saigon@dongho.com', '2023-01-22 08:45:00', '2023-01-22 08:45:00'),
('550e8400-e29b-41d4-a716-446655440005', 'Công ty Đồng Hồ Hoàng Kim', '56 Phan Đình Phùng, Hà Nội', '0945678901', 'hoangkim@dongho.com', '2023-01-25 09:15:00', '2023-01-25 09:15:00'),
('550e8400-e29b-41d4-a716-446655440006', 'Nhà cung cấp Đồng Hồ Vĩnh Phát', '78 Trần Hưng Đạo, Cần Thơ', '0989123456', 'vinhphat@dongho.com', '2023-01-27 10:30:00', '2023-01-27 10:30:00'),
('550e8400-e29b-41d4-a716-446655440007', 'Cung ứng Đồng Hồ Đông Á', '90 Hai Bà Trưng, Hải Phòng', '0923456789', 'donga@dongho.com', '2023-01-30 14:00:00', '2023-01-30 14:00:00'),
('550e8400-e29b-41d4-a716-446655440008', 'Công ty Đồng Hồ Bảo Long', '22 Lý Thường Kiệt, Huế', '0919876543', 'baolong@dongho.com', '2023-02-01 13:45:00', '2023-02-01 13:45:00'),
('550e8400-e29b-41d4-a716-446655440009', 'Nhà cung cấp Đồng Hồ An Phát', '100 Nguyễn Huệ, Nha Trang', '0956789012', 'anphat@dongho.com', '2023-02-05 15:00:00', '2023-02-05 15:00:00');
     
-- Mật khẩu cop một cái có đúng định dạng r dán hết vào cho tiện       
SELECT * FROM dongho.nguoidung;
INSERT INTO NguoiDung (maND, tenND, diaChi, ngaySinh, sdt, email, taiKhoan, matKhau, anhThe, maVT, createdAt, updatedAt) VALUES
('c1a6b3f2-1d23-4f8c-8db1-0a7e4e0f1a01', 'Nguyễn Văn An', '123 Lê Lợi, Hà Nội', '1985-05-20', '0987654321', 'an.nguyen@example.com', 'anv', '12345678', 'an1.jpg', 'A00', '2023-01-01 08:00:00', '2023-01-01 08:00:00'),
('c1a6b3f2-1d23-4f8c-8db1-0a7e4e0f1a02', 'Trần Thị Bình', '456 Phố Huế, Hà Nội', '1990-08-15', '0912345678', 'binh.tran@example.com', 'binht', '12345678', 'binh2.jpg', 'A00', '2023-01-02 08:00:00', '2023-01-02 08:00:00'),
('c1a6b3f2-1d23-4f8c-8db1-0a7e4e0f1a03', 'Lê Văn Cường', '789 Trần Phú, TP.HCM', '1988-03-10', '0977123456', 'cuong.le@example.com', 'cuongl', '12345678', 'cuong3.jpg', 'A00', '2023-01-03 08:00:00', '2023-01-03 08:00:00'),
('c1a6b3f2-1d23-4f8c-8db1-0a7e4e0f1a04', 'Phạm Thị Dung', '12 Nguyễn Trãi, Đà Nẵng', '1992-11-25', '0901234567', 'dung.pham@example.com', 'dungp', '12345678', 'dung4.jpg', 'A00', '2023-01-04 08:00:00', '2023-01-04 08:00:00'),
('c1a6b3f2-1d23-4f8c-8db1-0a7e4e0f1a05', 'Hoàng Văn Đông', '34 Lê Lợi, TP.HCM', '1987-07-30', '0934567890', 'dong.hoang@example.com', 'dongo', '12345678', 'dong5.jpg', 'A00', '2023-01-05 08:00:00', '2023-01-05 08:00:00'),

('c1a6b3f2-1d23-4f8c-8db1-0a7e4e0f1a06', 'Nguyễn Thị Hà', '56 Phan Đình Phùng, Hà Nội', '1995-04-18', '0945678901', 'ha.nguyen@example.com', 'hanguyen', '12345678', 'ha6.jpg', 'A01', '2023-01-06 08:00:00', '2023-01-06 08:00:00'),
('c1a6b3f2-1d23-4f8c-8db1-0a7e4e0f1a07', 'Trần Văn Hùng', '78 Trần Hưng Đạo, Cần Thơ', '1989-12-22', '0989123456', 'hung.tran@example.com', 'hungt', '12345678', 'hung7.jpg', 'A01', '2023-01-07 08:00:00', '2023-01-07 08:00:00'),
('c1a6b3f2-1d23-4f8c-8db1-0a7e4e0f1a08', 'Lê Thị Hoa', '90 Hai Bà Trưng, Hải Phòng', '1991-06-05', '0923456789', 'hoa.le@example.com', 'hoal', '12345678', 'hoa8.jpg', 'A01', '2023-01-08 08:00:00', '2023-01-08 08:00:00'),
('c1a6b3f2-1d23-4f8c-8db1-0a7e4e0f1a09', 'Phạm Văn Khoa', '22 Lý Thường Kiệt, Huế', '1986-10-11', '0919876543', 'khoa.pham@example.com', 'khoap', '12345678', 'khoa9.jpg', 'A01', '2023-01-09 08:00:00', '2023-01-09 08:00:00'),
('c1a6b3f2-1d23-4f8c-8db1-0a7e4e0f1a10', 'Hoàng Thị Lan', '100 Nguyễn Huệ, Nha Trang', '1993-09-19', '0956789012', 'lan.hoang@example.com', 'lanh', '12345678', 'lan10.jpg', 'A01', '2023-01-10 08:00:00', '2023-01-10 08:00:00'),

('c1a6b3f2-1d23-4f8c-8db1-0a7e4e0f1a11', 'Đinh Văn Minh', '15 Trần Duy Hưng, Hà Nội', '1990-02-28', '0987001122', 'minh.dinh@example.com', 'minhd', '12345678', 'minh11.jpg', 'A01', '2023-01-11 08:00:00', '2023-01-11 08:00:00'),
('c1a6b3f2-1d23-4f8c-8db1-0a7e4e0f1a12', 'Nguyễn Thị My', '23 Đinh Tiên Hoàng, Hà Nội', '1994-07-16', '0977003344', 'my.nguyen@example.com', 'mynguyen', '12345678', 'my12.jpg', 'A01', '2023-01-12 08:00:00', '2023-01-12 08:00:00'),
('c1a6b3f2-1d23-4f8c-8db1-0a7e4e0f1a13', 'Trần Văn Nam', '89 Phan Chu Trinh, TP.HCM', '1988-05-30', '0966005566', 'nam.tran@example.com', 'namt', '12345678', 'nam13.jpg', 'A01', '2023-01-13 08:00:00', '2023-01-13 08:00:00'),
('c1a6b3f2-1d23-4f8c-8db1-0a7e4e0f1a14', 'Lê Thị Oanh', '77 Hùng Vương, Đà Nẵng', '1992-03-25', '0955007788', 'oanh.le@example.com', 'oanhl', '12345678', 'oanh14.jpg', 'A01', '2023-01-14 08:00:00', '2023-01-14 08:00:00'),
('c1a6b3f2-1d23-4f8c-8db1-0a7e4e0f1a15', 'Phạm Văn Phúc', '56 Lê Duẩn, Huế', '1989-01-15', '0944009900', 'phuc.pham@example.com', 'phucp', '12345678', 'phuc15.jpg', 'A01', '2023-01-15 08:00:00', '2023-01-15 08:00:00'),

('c1a6b3f2-1d23-4f8c-8db1-0a7e4e0f1a16', 'Hoàng Thị Quỳnh', '33 Bà Triệu, Hà Nội', '1993-12-05', '0933001122', 'quynh.hoang@example.com', 'quynhh', '12345678', 'quynh16.jpg', 'A01', '2023-01-16 08:00:00', '2023-01-16 08:00:00'),
('c1a6b3f2-1d23-4f8c-8db1-0a7e4e0f1a17', 'Đỗ Văn Sơn', '44 Trần Nhật Duật, Hải Phòng', '1991-11-23', '0922003344', 'son.do@example.com', 'sond', '12345678', 'son17.jpg', 'A01', '2023-01-17 08:00:00', '2023-01-17 08:00:00'),
('c1a6b3f2-1d23-4f8c-8db1-0a7e4e0f1a18', 'Nguyễn Thị Thu', '15 Lý Thường Kiệt, Huế', '1987-04-10', '0911005566', 'thu.nguyen@example.com', 'thung', '12345678', 'thu18.jpg', 'A01', '2023-01-18 08:00:00', '2023-01-18 08:00:00'),
('c1a6b3f2-1d23-4f8c-8db1-0a7e4e0f1a19', 'Phan Văn Tuấn', '77 Nguyễn Trãi, Đà Nẵng', '1986-08-08', '0900007788', 'tuan.phan@example.com', 'tuanyp', '12345678', 'tuan19.jpg', 'A01', '2023-01-19 08:00:00', '2023-01-19 08:00:00'),
('c1a6b3f2-1d23-4f8c-8db1-0a7e4e0f1a20', 'Trần Thị Vân', '100 Trần Phú, TP.HCM', '1990-09-15', '0899999900', 'van.tran@example.com', 'vant', '12345678', 'van20.jpg', 'A01', '2023-01-20 08:00:00', '2023-01-20 08:00:00');

-- sản phẩm 
INSERT INTO SanPham (maSP, maDM, tenSP, Thuonghieu, Xuatxu, Kieudang, Loaimay, Duongkinh, Chatlieu, Sizeday, Chongnuoc, soLuong, giaTien, giamGia, anhSP, createdAt, updatedAt) VALUES
('caa8655d-2c12-45ea-bb6d-98316db72553', '8442d9b5-333a-486e-8442-c1569f05fc32', 'Đồng hồ nam Olympia Star BZ1000-06E', 'Olympia Star', 'Trung Quốc', 'Đặc biệt', 'Automatic', '50mm', 'Thép không gỉ kết hợp ceramic', '24cm', '100m', 43, 7129946.92, 32, '["/uploads/1746628415697.webp"]', '2025-06-04 17:29:54', '2025-06-04 17:29:54'),
('f5ce0e90-475f-411c-aec0-ae0f72de9edd', '8442d9b5-333a-486e-8442-c1569f05fc32', 'Đồng hồ nam Casio HYT H0', 'Casio', 'Thụy Sĩ', 'Oval', 'Eco-Drive', '50mm', 'Thép không gỉ dạng lưới milanese', '16cm', '100m', 8, 13820977.86, 37, '["/uploads/1746628415698.webp"]', '2025-06-04 17:29:54', '2025-06-04 17:29:54'),
('e0f8be5f-c7ab-449b-a53b-7cd71d1e703b', '8442d9b5-333a-486e-8442-c1569f05fc32', 'Đồng hồ nam Seiko BZ1000-06E', 'Seiko', 'Nhật Bản', 'Oval', 'Quartz', '50mm', 'Kim loại cao cấp', '18cm', '50m', 47, 13446305.4, 39, '["/uploads/1746628415699.webp"]', '2025-06-04 17:29:54', '2025-06-04 17:29:54'),
('95ce4b84-3d1d-4238-a660-d2a02f6e08aa', '8442d9b5-333a-486e-8442-c1569f05fc32', 'Đồng hồ nam Citizen OB15BD64', 'Citizen', 'Thụy Sĩ', 'Oval', 'Automatic Chronometer', '50mm', 'Gốm ceramic nguyên khối', '18cm', '40m', 5, 10343643.06, 41, '["/uploads/17466284156100.webp"]', '2025-06-04 17:29:54', '2025-06-04 17:29:54'),
('e7c94922-01d4-4668-b810-e2343cd8c7b4', '8442d9b5-333a-486e-8442-c1569f05fc32', 'Đồng hồ nam Titoni T137.410.11.041.00', 'Titoni', 'Đức', 'Đặc biệt', 'Eco-Drive', '30mm', 'Kim loại cao cấp', '18cm', '40m', 4, 18147407.82, 58, '["/uploads/17466284156101.webp"]', '2025-06-04 17:29:54', '2025-06-04 17:29:54'),
('bf3a998f-7218-4a0b-9bd8-eeb4855e1cde', '8442d9b5-333a-486e-8442-c1569f05fc32', 'Đồng hồ nam Casio RA-AC0F02B10B', 'Casio', 'Thụy Điển', 'Tròn', 'Quartz Chronograph', '42mm', 'Thép không gỉ 316l', '24cm', '30m', 19, 4376153.2, 18, '["/uploads/1746628415697.webp"]', '2025-06-04 17:29:54', '2025-06-04 17:29:54'),
('a9be4952-ade9-4ced-afad-5cffeb6f484a', '8442d9b5-333a-486e-8442-c1569f05fc32', 'Đồng hồ nam Frederique Constant HYT H0', 'Frederique Constant', 'Đức', 'Vuông', 'Automatic Chronometer', '46mm', 'Thép không gỉ kết hợp ceramic', '22cm', '40m', 4, 1945329.71, 25, '["/uploads/1746628415698.webp"]', '2025-06-04 17:29:54', '2025-06-04 17:29:54'),
('1a400529-2208-4e49-98a9-13c071aea929', '8442d9b5-333a-486e-8442-c1569f05fc32', 'Đồng hồ nam Mido FS4835', 'Mido', 'Đức', 'Tròn', 'Quartz Chronograph', '50mm', 'Vỏ mạ pvd', '16cm', '100m', 44, 7054184.92, 49, '["/uploads/1746628415699.webp"]', '2025-06-04 17:29:54', '2025-06-04 17:29:54'),
('8a8432f5-118c-417f-805a-92a332645ad9', '8442d9b5-333a-486e-8442-c1569f05fc32', 'Đồng hồ nam Hamilton SSB359P1', 'Hamilton', 'Nhật Bản', 'Đặc biệt', 'Automatic', '50mm', 'Thép không gỉ 316l', '20cm', '50m', 50, 8464284.2, 27, '["/uploads/17466284156100.webp"]', '2025-06-04 17:29:54', '2025-06-04 17:29:54'),
('3d8f8d72-b210-4c84-8b25-8c89b29a53ec', '8442d9b5-333a-486e-8442-c1569f05fc32', 'Đồng hồ nam Longines LX-1224', 'Longines', 'Đức', 'Oval', 'Eco-Drive', '50mm', 'Thép không gỉ 316l', '20cm', '50m', 11, 5219910.85, 14, '["/uploads/17466284156101.webp"]', '2025-06-04 17:29:54', '2025-06-04 17:29:54'),
('f2b1fba4-dae4-4514-8185-349e4ed419d5', '8442d9b5-333a-486e-8442-c1569f05fc32', 'Đồng hồ nam Seiko SKW6007', 'Seiko', 'Trung Quốc', 'Vuông', 'Quartz', '48mm', 'Kim loại cao cấp', '18cm', '100m', 31, 16117597.27, 21, '["/uploads/1746628415697.webp"]', '2025-06-04 17:29:54', '2025-06-04 17:29:54'),
('53e39f03-8b47-4d10-af43-db1235da79c7', '8442d9b5-333a-486e-8442-c1569f05fc32', 'Đồng hồ nam Fossil MN1-701-51', 'Fossil', 'Thụy Sĩ', 'Đặc biệt', 'Quartz Chronograph', '30mm', 'Thép không gỉ 316l mạ vàng pvd', '18cm', '30m', 13, 14082379.02, 51, '["/uploads/1746628415698.webp"]', '2025-06-04 17:29:54', '2025-06-04 17:29:54'),
('c01b56d2-b760-42d7-8dca-a2926bf21d21', '8442d9b5-333a-486e-8442-c1569f05fc32', 'Đồng hồ nam Skagen DW00100127', 'Skagen', 'Hàn Quốc', 'Vuông', 'Quartz Chronograph', '44mm', 'Titanium', '24cm', '50m', 27, 5025808.02, 24, '["/uploads/1746628415699.webp"]', '2025-06-04 17:29:54', '2025-06-04 17:29:54'),
('ce526b3a-bb52-4091-a813-2492a967ffff', '8442d9b5-333a-486e-8442-c1569f05fc32', 'Đồng hồ nam Casio MK8281', 'Casio', 'Trung Quốc', 'Đặc biệt', 'Automatic', '40mm', 'Kim loại cao cấp', '24cm', '100m', 10, 6946601.05, 60, '["/uploads/17466284156100.webp"]', '2025-06-04 17:29:54', '2025-06-04 17:29:54'),
('4e979ed1-0db1-4969-92cc-98e4b70aab6c', '8442d9b5-333a-486e-8442-c1569f05fc32', 'Đồng hồ nam Claude Bernard SRPD55K1', 'Claude Bernard', 'Mỹ', 'Chữ nhật', 'Automatic', '42mm', 'Kim loại cao cấp', '22cm', '50m', 44, 1897611.95, 57, '["/uploads/17466284156101.webp"]', '2025-06-04 17:29:54', '2025-06-04 17:29:54'),
('9044a4fa-de06-4083-8e04-b8ac4353ac20', '8442d9b5-333a-486e-8442-c1569f05fc32', 'Đồng hồ nam Mido AQ-230A-7BMQY', 'Mido', 'Mỹ', 'Oval', 'Quartz Chronograph', '30mm', 'Vỏ mạ pvd', '18cm', '100m', 43, 19297889.6, 29, '["/uploads/1746628415697.webp"]', '2025-06-04 17:29:54', '2025-06-04 17:29:54'),
('bb1a6ec3-cfdd-43e8-b528-1cc70e0eb3ea', '8442d9b5-333a-486e-8442-c1569f05fc32', 'Đồng hồ nam Daniel Wellington RA-AC0F02B10B', 'Daniel Wellington', 'Trung Quốc', 'Vuông', 'Quartz Chronograph', '44mm', 'Thép không gỉ kết hợp ceramic', '18cm', '40m', 46, 8011334.85, 19, '["/uploads/1746628415698.webp"]', '2025-06-04 17:29:54', '2025-06-04 17:29:54'),
('13e2c8ca-91bb-4f08-9fbf-48f17c41d3da', '8442d9b5-333a-486e-8442-c1569f05fc32', 'Đồng hồ nam Frederique Constant MK8281', 'Frederique Constant', 'Đức', 'Tròn', 'Eco-Drive', '42mm', 'Thép không gỉ 316l', '22cm', '40m', 50, 9496830.66, 20, '["/uploads/1746628415699.webp"]', '2025-06-04 17:29:54', '2025-06-04 17:29:54'),
('a597bbe3-dec3-4cbe-b4a3-27ff449bac18', '8442d9b5-333a-486e-8442-c1569f05fc32', 'Đồng hồ nam Orient DW00100127', 'Orient', 'Mỹ', 'Chữ nhật', 'Automatic Chronometer', '30mm', 'Thép không gỉ 316l mạ vàng pvd', '18cm', '40m', 18, 17260096.06, 14, '["/uploads/17466284156100.webp"]', '2025-06-04 17:29:54', '2025-06-04 17:29:54'),
('5265d78c-9167-4bc5-9baf-fd9c3044a952', '8442d9b5-333a-486e-8442-c1569f05fc32', 'Đồng hồ nam Olympia Star BZ1000-06E', 'Olympia Star', 'Trung Quốc', 'Oval', 'Automatic', '50mm', 'Titanium', '24cm', '50m', 32, 16924534.11, 55, '["/uploads/17466284156101.webp"]', '2025-06-04 17:29:54', '2025-06-04 17:29:54'),
('f396ca19-25ab-4356-9895-f747e3359f30', '8442d9b5-333a-486e-8442-c1569f05fc32', 'Đồng hồ nam Hamilton FS4835', 'Hamilton', 'Thụy Điển', 'Oval', 'Automatic', '42mm', 'Thép không gỉ dạng lưới milanese', '20cm', '50m', 21, 4300805.11, 13, '["/uploads/1746628415697.webp"]', '2025-06-04 17:29:54', '2025-06-04 17:29:54'),
('b5f02466-6012-4806-9d9c-45c1cf6bbc73', '8442d9b5-333a-486e-8442-c1569f05fc32', 'Đồng hồ nam Longines H32565165', 'Longines', 'Mỹ', 'Oval', 'Quartz', '48mm', 'Thép không gỉ 316l mạ vàng pvd', '24cm', '100m', 35, 7344195.36, 59, '["/uploads/1746628415698.webp"]', '2025-06-04 17:29:54', '2025-06-04 17:29:54'),
('9c81eb48-c1f9-45a8-ae6e-575e1818eecc', '8442d9b5-333a-486e-8442-c1569f05fc32', 'Đồng hồ nam Olympia Star T065.430.16.031.00', 'Olympia Star', 'Thụy Điển', 'Oval', 'Quartz Chronograph', '48mm', 'Thép không gỉ dạng lưới milanese', '18cm', '30m', 1, 18750327.77, 38, '["/uploads/1746628415699.webp"]', '2025-06-04 17:29:54', '2025-06-04 17:29:54'),
('13c52657-d824-4bc8-8c08-5d136266c87a', '8442d9b5-333a-486e-8442-c1569f05fc32', 'Đồng hồ nam Citizen LX-1224', 'Citizen', 'Đức', 'Oval', 'Quartz Chronograph', '42mm', 'Thép không gỉ 316l', '18cm', '30m', 36, 6360658.43, 32, '["/uploads/17466284156100.webp"]', '2025-06-04 17:29:54', '2025-06-04 17:29:54'),
('14a13da3-68a0-43fb-82de-25a0adcfda58', '8442d9b5-333a-486e-8442-c1569f05fc32', 'Đồng hồ nam Daniel Wellington SSB359P1', 'Daniel Wellington', 'Trung Quốc', 'Đặc biệt', 'Quartz Chronograph', '42mm', 'Thép không gỉ 316l', '22cm', '40m', 48, 4408445.45, 56, '["/uploads/17466284156101.webp"]', '2025-06-04 17:29:54', '2025-06-04 17:29:54'),
('85508951-3cbd-4a80-9276-f9614ffc717e', '8442d9b5-333a-486e-8442-c1569f05fc32', 'Đồng hồ nam Claude Bernard MK8281', 'Claude Bernard', 'Thụy Điển', 'Tròn', 'Quartz Chronometer', '40mm', 'Kim loại cao cấp', '20cm', '30m', 6, 9674177.33, 55, '["/uploads/1746628415697.webp"]', '2025-06-04 17:29:54', '2025-06-04 17:29:54'),
('f988a549-36ec-4b99-ab47-8d2fa2458bdb', '8442d9b5-333a-486e-8442-c1569f05fc32', 'Đồng hồ nam Hamilton SSB359P1', 'Hamilton', 'Nhật Bản', 'Vuông', 'Quartz Chronometer', '44mm', 'Thép không gỉ 316l mạ vàng pvd', '16cm', '50m', 37, 2761487.12, 36, '["/uploads/1746628415698.webp"]', '2025-06-04 17:29:54', '2025-06-04 17:29:54'),
('0cdfc541-2ed0-4da0-ba63-8c5331f650f8', '8442d9b5-333a-486e-8442-c1569f05fc32', 'Đồng hồ nam Edox MN1-701-51', 'Edox', 'Hàn Quốc', 'Tròn', 'Eco-Drive', '46mm', 'Titanium', '20cm', '30m', 12, 15938786.69, 39, '["/uploads/1746628415699.webp"]', '2025-06-04 17:29:54', '2025-06-04 17:29:54'),
('2df8940a-8e82-451c-abea-b2cfb4181be6', '8442d9b5-333a-486e-8442-c1569f05fc32', 'Đồng hồ nam Frederique Constant H32565165', 'Frederique Constant', 'Nhật Bản', 'Tròn', 'Quartz', '40mm', 'Thép không gỉ 316l mạ vàng pvd', '24cm', '100m', 21, 11956852.83, 58, '["/uploads/17466284156100.webp"]', '2025-06-04 17:29:54', '2025-06-04 17:29:54'),
('bfe99975-8a15-493e-9934-a8de6e9006da', '8442d9b5-333a-486e-8442-c1569f05fc32', 'Đồng hồ nam Hamilton H32565165', 'Hamilton', 'Trung Quốc', 'Đặc biệt', 'Quartz Chronograph', '30mm', 'Thép không gỉ dạng lưới milanese', '22cm', '30m', 32, 7037563.8, 44, '["/uploads/17466284156101.webp"]', '2025-06-04 17:29:54', '2025-06-04 17:29:54'),
('7d62565a-fb88-443b-ad56-573862469efc', '8442d9b5-333a-486e-8442-c1569f05fc32', 'Đồng hồ nam Claude Bernard SRPD55K1', 'Claude Bernard', 'Nhật Bản', 'Oval', 'Quartz Chronograph', '40mm', 'Kim loại cao cấp', '24cm', '40m', 11, 12457550.31, 48, '["/uploads/1746628415697.webp"]', '2025-06-04 17:29:54', '2025-06-04 17:29:54'),
('efa34f08-a1bb-4ea2-826c-1bcdfc1e0c8f', '8442d9b5-333a-486e-8442-c1569f05fc32', 'Đồng hồ nam Hamilton H32565165', 'Hamilton', 'Hàn Quốc', 'Tròn', 'Automatic', '40mm', 'Thép không gỉ 316l mạ vàng pvd', '20cm', '40m', 37, 10362209.89, 40, '["/uploads/1746628415698.webp"]', '2025-06-04 17:29:54', '2025-06-04 17:29:54'),
('f8ea6028-f649-4e51-bee4-b274303a636d', '8442d9b5-333a-486e-8442-c1569f05fc32', 'Đồng hồ nam Fossil OB15BD64', 'Fossil', 'Trung Quốc', 'Đặc biệt', 'Quartz', '42mm', 'Thép không gỉ dạng lưới milanese', '20cm', '30m', 17, 1892333.54, 30, '["/uploads/1746628415699.webp"]', '2025-06-04 17:29:54', '2025-06-04 17:29:54'),
('16e53e80-d5af-49f3-ae25-0d39e88a751f', '8442d9b5-333a-486e-8442-c1569f05fc32', 'Đồng hồ nam Fossil FS4835', 'Fossil', 'Hàn Quốc', 'Vuông', 'Automatic', '46mm', 'Titanium', '20cm', '30m', 43, 3910651.22, 28, '["/uploads/17466284156100.webp"]', '2025-06-04 17:29:54', '2025-06-04 17:29:54'),
('e8ba8718-fb53-47ee-aa82-527edc084b3d', '8442d9b5-333a-486e-8442-c1569f05fc32', 'Đồng hồ nam Tissot RA-AC0F02B10B', 'Tissot', 'Mỹ', 'Chữ nhật', 'Quartz Chronograph', '30mm', 'Thép không gỉ dạng lưới milanese', '16cm', '100m', 21, 17073213.15, 11, '["/uploads/17466284156101.webp"]', '2025-06-04 17:29:54', '2025-06-04 17:29:54'),
('2c6a59a7-57fe-4749-ae52-59772169e4be', '8442d9b5-333a-486e-8442-c1569f05fc32', 'Đồng hồ nam Seiko BZ1000-06E', 'Seiko', 'Hàn Quốc', 'Chữ nhật', 'Automatic Chronometer', '48mm', 'Kim loại cao cấp', '18cm', '50m', 5, 17374501.39, 46, '["/uploads/1746628415697.webp"]', '2025-06-04 17:29:54', '2025-06-04 17:29:54'),
('51c7b8a1-38c8-4852-a5fa-d2a8f231287e', '8442d9b5-333a-486e-8442-c1569f05fc32', 'Đồng hồ nam Casio SRPD55K1', 'Casio', 'Trung Quốc', 'Vuông', 'Automatic', '48mm', 'Thép không gỉ dạng lưới milanese', '16cm', '30m', 29, 12226601.53, 11, '["/uploads/1746628415698.webp"]', '2025-06-04 17:29:54', '2025-06-04 17:29:54'),
('b0a6254b-fa78-435c-a499-a8b5d7633ddf', '8442d9b5-333a-486e-8442-c1569f05fc32', 'Đồng hồ nam Tissot T065.430.16.031.00', 'Tissot', 'Đức', 'Vuông', 'Automatic Chronometer', '44mm', 'Thép không gỉ 316l', '22cm', '30m', 37, 7512413.98, 40, '["/uploads/1746628415699.webp"]', '2025-06-04 17:29:54', '2025-06-04 17:29:54'),
('e484117d-f0be-49d2-a9a4-92bf3e14387b', '8442d9b5-333a-486e-8442-c1569f05fc32', 'Đồng hồ nam Seiko BZ1000-06E', 'Seiko', 'Mỹ', 'Đặc biệt', 'Eco-Drive', '30mm', 'Thép không gỉ dạng lưới milanese', '16cm', '40m', 40, 17968828.82, 25, '["/uploads/17466284156100.webp"]', '2025-06-04 17:29:54', '2025-06-04 17:29:54'),
('99c87851-9035-42d2-b04c-c4013eb2638f', '8442d9b5-333a-486e-8442-c1569f05fc32', 'Đồng hồ nam Mido MN1-701-51', 'Mido', 'Hàn Quốc', 'Đặc biệt', 'Quartz Chronometer', '44mm', 'Thép không gỉ kết hợp ceramic', '22cm', '50m', 37, 17616865.47, 30, '["/uploads/17466284156101.webp"]', '2025-06-04 17:29:54', '2025-06-04 17:29:54'),
('23e7cfc7-55a8-4089-aa22-88b4bd12bb64', '8442d9b5-333a-486e-8442-c1569f05fc32', 'Đồng hồ nam Mido MC7141-57A', 'Mido', 'Đức', 'Chữ nhật', 'Eco-Drive', '50mm', 'Thép không gỉ dạng lưới milanese', '24cm', '40m', 45, 10307525.92, 51, '["/uploads/1746628415697.webp"]', '2025-06-04 17:29:54', '2025-06-04 17:29:54'),
('a2152590-c949-4d14-b5f3-0abd588df7ae', '8442d9b5-333a-486e-8442-c1569f05fc32', 'Đồng hồ nam Fossil L3.742.4.96.6', 'Fossil', 'Thụy Điển', 'Oval', 'Automatic Chronometer', '40mm', 'Vỏ mạ pvd', '24cm', '30m', 43, 9634409.37, 12, '["/uploads/1746628415698.webp"]', '2025-06-04 17:29:54', '2025-06-04 17:29:54'),
('5c8d0a12-e954-4d29-a107-40663f9b48b6', '8442d9b5-333a-486e-8442-c1569f05fc32', 'Đồng hồ nam Daniel Wellington SKW6007', 'Daniel Wellington', 'Mỹ', 'Đặc biệt', 'Eco-Drive', '44mm', 'Gốm ceramic nguyên khối', '18cm', '40m', 17, 1010432.72, 39, '["/uploads/1746628415699.webp"]', '2025-06-04 17:29:54', '2025-06-04 17:29:54'),
('a7c171dc-ad0a-4cbc-a361-a63f0282b6c9', '8442d9b5-333a-486e-8442-c1569f05fc32', 'Đồng hồ nam Skagen L3.742.4.96.6', 'Skagen', 'Nhật Bản', 'Oval', 'Quartz', '44mm', 'Vỏ mạ pvd', '18cm', '50m', 39, 5690212.03, 32, '["/uploads/17466284156100.webp"]', '2025-06-04 17:29:54', '2025-06-04 17:29:54'),
('22515a25-f309-45d0-b475-23074a6eb7a0', '8442d9b5-333a-486e-8442-c1569f05fc32', 'Đồng hồ nam Mido H32565165', 'Mido', 'Mỹ', 'Chữ nhật', 'Automatic Chronometer', '40mm', 'Thép không gỉ dạng lưới milanese', '18cm', '50m', 16, 4347993.45, 48, '["/uploads/17466284156101.webp"]', '2025-06-04 17:29:54', '2025-06-04 17:29:54'),
('fdaae7b8-1788-4c36-91e9-69b9ff72f69c', '8442d9b5-333a-486e-8442-c1569f05fc32', 'Đồng hồ nam Seiko SKW6007', 'Seiko', 'Trung Quốc', 'Đặc biệt', 'Quartz Chronograph', '42mm', 'Thép không gỉ 316l mạ vàng pvd', '18cm', '30m', 21, 9046367.88, 53, '["/uploads/1746628415697.webp"]', '2025-06-04 17:29:54', '2025-06-04 17:29:54'),
('3fb278de-34ed-4e53-8ad1-e299d57705ec', '8442d9b5-333a-486e-8442-c1569f05fc32', 'Đồng hồ nam Claude Bernard MTP-V002GL-7B3UDF', 'Claude Bernard', 'Mỹ', 'Vuông', 'Automatic', '42mm', 'Thép không gỉ 316l mạ vàng pvd', '18cm', '40m', 11, 1788757.21, 40, '["/uploads/1746628415698.webp"]', '2025-06-04 17:29:54', '2025-06-04 17:29:54'),
('97896ad9-8505-4350-b1c3-ef6af754f7f6', '8442d9b5-333a-486e-8442-c1569f05fc32', 'Đồng hồ nam Daniel Wellington SSB359P1', 'Daniel Wellington', 'Hàn Quốc', 'Oval', 'Automatic Chronometer', '42mm', 'Kim loại cao cấp', '16cm', '40m', 8, 1625321.28, 29, '["/uploads/1746628415699.webp"]', '2025-06-04 17:29:54', '2025-06-04 17:29:54'),
('671bbace-4842-460f-9e50-4fed62b0ac67', '8442d9b5-333a-486e-8442-c1569f05fc32', 'Đồng hồ nam Certina AQ-230A-7BMQY', 'Certina', 'Hàn Quốc', 'Chữ nhật', 'Automatic Chronometer', '42mm', 'Thép không gỉ kết hợp ceramic', '22cm', '30m', 44, 10063798.61, 50, '["/uploads/17466284156100.webp"]', '2025-06-04 17:29:54', '2025-06-04 17:29:54'),
('bcfef8cb-8bda-43d7-8e48-c13507b983b6', '8442d9b5-333a-486e-8442-c1569f05fc32', 'Đồng hồ nam Maurice Lacroix SSB359P1', 'Maurice Lacroix', 'Đức', 'Vuông', 'Eco-Drive', '50mm', 'Gốm ceramic nguyên khối', '22cm', '40m', 31, 6174145.04, 21, '["/uploads/17466284156101.webp"]', '2025-06-04 17:29:54', '2025-06-04 17:29:54'),
('bc608482-c33a-421f-9fb5-8e943e4a9cac', '8442d9b5-333a-486e-8442-c1569f05fc32', 'Đồng hồ nam Claude Bernard LX-1224', 'Claude Bernard', 'Thụy Sĩ', 'Đặc biệt', 'Automatic', '44mm', 'Gốm ceramic nguyên khối', '24cm', '30m', 8, 1467790.19, 27, '["/uploads/1746628415697.webp"]', '2025-06-04 17:29:54', '2025-06-04 17:29:54'),
('d4472570-5252-4e0d-98d0-e172208b4faa', '8442d9b5-333a-486e-8442-c1569f05fc32', 'Đồng hồ nam Edox LX-1224', 'Edox', 'Hàn Quốc', 'Oval', 'Eco-Drive', '40mm', 'Vỏ mạ pvd', '20cm', '100m', 18, 14153644.86, 11, '["/uploads/1746628415698.webp"]', '2025-06-04 17:29:54', '2025-06-04 17:29:54'),
('f1d97fe8-8bda-43db-a42a-44935f5f8d6d', '8442d9b5-333a-486e-8442-c1569f05fc32', 'Đồng hồ nam Casio SKW6007', 'Casio', 'Nhật Bản', 'Oval', 'Eco-Drive', '40mm', 'Vỏ mạ pvd', '24cm', '30m', 12, 10650457.44, 24, '["/uploads/1746628415699.webp"]', '2025-06-04 17:29:54', '2025-06-04 17:29:54'),
('6fcc793a-216e-4b9b-9994-10a62ddd3dda', '8442d9b5-333a-486e-8442-c1569f05fc32', 'Đồng hồ nam Daniel Wellington OB15BD64', 'Daniel Wellington', 'Mỹ', 'Chữ nhật', 'Eco-Drive', '40mm', 'Gốm ceramic nguyên khối', '22cm', '30m', 19, 10634936.6, 47, '["/uploads/17466284156100.webp"]', '2025-06-04 17:29:54', '2025-06-04 17:29:54'),
('f1dc39d0-42ff-477c-8d3b-da485776780b', '8442d9b5-333a-486e-8442-c1569f05fc32', 'Đồng hồ nam Titoni LX-1224', 'Titoni', 'Hàn Quốc', 'Tròn', 'Automatic Chronometer', '40mm', 'Gốm ceramic nguyên khối', '22cm', '30m', 42, 5301074.57, 39, '["/uploads/17466284156101.webp"]', '2025-06-04 17:29:54', '2025-06-04 17:29:54'),
('487a0cf2-73f1-458a-bd4c-c29eb80b6f54', '8442d9b5-333a-486e-8442-c1569f05fc32', 'Đồng hồ nam Casio L3.742.4.96.6', 'Casio', 'Đức', 'Oval', 'Eco-Drive', '50mm', 'Thép không gỉ dạng lưới milanese', '22cm', '40m', 38, 14441596.11, 26, '["/uploads/1746628415697.webp"]', '2025-06-04 17:29:54', '2025-06-04 17:29:54'),
('04fc38f4-ebb4-4547-b52b-2b332cdcc59b', '8442d9b5-333a-486e-8442-c1569f05fc32', 'Đồng hồ nam Daniel Wellington RA-AC0F02B10B', 'Daniel Wellington', 'Mỹ', 'Đặc biệt', 'Quartz Chronograph', '44mm', 'Thép không gỉ 316l mạ vàng pvd', '20cm', '30m', 4, 3654891.66, 35, '["/uploads/1746628415698.webp"]', '2025-06-04 17:29:54', '2025-06-04 17:29:54'),
('6d116e8a-244b-45d3-9e95-c94af0f3f2e6', '8442d9b5-333a-486e-8442-c1569f05fc32', 'Đồng hồ nam Orient OB15BD64', 'Orient', 'Mỹ', 'Tròn', 'Quartz', '42mm', 'Thép không gỉ kết hợp ceramic', '22cm', '100m', 7, 14277616.81, 15, '["/uploads/1746628415699.webp"]', '2025-06-04 17:29:54', '2025-06-04 17:29:54'),
('3a92324c-0120-4e9c-8145-f8b5d2c944bc', '8442d9b5-333a-486e-8442-c1569f05fc32', 'Đồng hồ nam Maurice Lacroix SSB359P1', 'Maurice Lacroix', 'Thụy Điển', 'Đặc biệt', 'Eco-Drive', '46mm', 'Kim loại cao cấp', '22cm', '50m', 26, 2685416.52, 20, '["/uploads/17466284156100.webp"]', '2025-06-04 17:29:54', '2025-06-04 17:29:54'),
('dadbd04b-9188-483d-be06-c9aa561f4f66', '8442d9b5-333a-486e-8442-c1569f05fc32', 'Đồng hồ nam Casio DW00100127', 'Casio', 'Nhật Bản', 'Oval', 'Quartz Chronograph', '30mm', 'Thép không gỉ 316l', '16cm', '40m', 27, 12723033.81, 21, '["/uploads/17466284156101.webp"]', '2025-06-04 17:29:54', '2025-06-04 17:29:54'),
('682d4037-e2f9-446f-bc6a-c651d2793845', '8442d9b5-333a-486e-8442-c1569f05fc32', 'Đồng hồ nam Orient OB15BD64', 'Orient', 'Thụy Điển', 'Oval', 'Quartz Chronometer', '30mm', 'Thép không gỉ dạng lưới milanese', '18cm', '40m', 29, 3143855.51, 51, '["/uploads/1746628415697.webp"]', '2025-06-04 17:29:54', '2025-06-04 17:29:54'),
('d433e67a-4981-461b-ba72-95ed85e9c9b4', '8442d9b5-333a-486e-8442-c1569f05fc32', 'Đồng hồ nam Calvin Klein OB15BD64', 'Calvin Klein', 'Nhật Bản', 'Vuông', 'Quartz Chronometer', '42mm', 'Thép không gỉ 316l', '24cm', '100m', 20, 8700517.3, 12, '["/uploads/1746628415698.webp"]', '2025-06-04 17:29:54', '2025-06-04 17:29:54'),
('753678c8-b32c-44ce-a942-687563c71926', '8442d9b5-333a-486e-8442-c1569f05fc32', 'Đồng hồ nam Casio MN1-701-51', 'Casio', 'Thụy Sĩ', 'Chữ nhật', 'Automatic Chronometer', '44mm', 'Gốm ceramic nguyên khối', '20cm', '40m', 19, 10556872.46, 13, '["/uploads/1746628415699.webp"]', '2025-06-04 17:29:54', '2025-06-04 17:29:54'),
('809e51be-021b-40c7-a4bc-6663fb3829cc', '8442d9b5-333a-486e-8442-c1569f05fc32', 'Đồng hồ nam Calvin Klein BZ1000-06E', 'Calvin Klein', 'Hàn Quốc', 'Chữ nhật', 'Eco-Drive', '44mm', 'Vỏ mạ pvd', '16cm', '30m', 32, 15728585.83, 53, '["/uploads/17466284156100.webp"]', '2025-06-04 17:29:54', '2025-06-04 17:29:54'),
('d9e1fd81-c77d-4945-8906-a7f3ca0593b8', '8442d9b5-333a-486e-8442-c1569f05fc32', 'Đồng hồ nam Olympia Star FS4835', 'Olympia Star', 'Mỹ', 'Đặc biệt', 'Automatic Chronometer', '44mm', 'Thép không gỉ kết hợp ceramic', '22cm', '30m', 1, 11402532.13, 13, '["/uploads/17466284156101.webp"]', '2025-06-04 17:29:54', '2025-06-04 17:29:54'),
('c75ca6e8-beac-446b-8ba0-de93507de851', '8442d9b5-333a-486e-8442-c1569f05fc32', 'Đồng hồ nam Titoni LX-1224', 'Titoni', 'Hàn Quốc', 'Oval', 'Quartz Chronometer', '48mm', 'Kim loại cao cấp', '22cm', '50m', 50, 3229540.79, 30, '["/uploads/1746628415697.webp"]', '2025-06-04 17:29:54', '2025-06-04 17:29:54'),
('ffdc549c-ca0c-42c8-978d-6c979002f78d', '8442d9b5-333a-486e-8442-c1569f05fc32', 'Đồng hồ nam Olympia Star SKW6007', 'Olympia Star', 'Đức', 'Vuông', 'Quartz Chronometer', '48mm', 'Thép không gỉ dạng lưới milanese', '24cm', '30m', 42, 4755275.54, 41, '["/uploads/1746628415698.webp"]', '2025-06-04 17:29:54', '2025-06-04 17:29:54'),
('a9086e75-f958-4d7b-af45-de6280e6ef3d', '8442d9b5-333a-486e-8442-c1569f05fc32', 'Đồng hồ nam Frederique Constant BZ1000-06E', 'Frederique Constant', 'Đức', 'Chữ nhật', 'Quartz', '46mm', 'Gốm ceramic nguyên khối', '24cm', '100m', 44, 7848603.52, 48, '["/uploads/1746628415699.webp"]', '2025-06-04 17:29:54', '2025-06-04 17:29:54'),
('3c0d42fd-1043-430a-ba92-521259a5b4a4', '8442d9b5-333a-486e-8442-c1569f05fc32', 'Đồng hồ nam Claude Bernard BI5000-87L', 'Claude Bernard', 'Thụy Điển', 'Chữ nhật', 'Quartz Chronometer', '42mm', 'Titanium', '22cm', '30m', 47, 1282129.0, 13, '["/uploads/17466284156100.webp"]', '2025-06-04 17:29:54', '2025-06-04 17:29:54'),
('edc5081c-619b-4d0c-9c6b-3e982dc462d1', '8442d9b5-333a-486e-8442-c1569f05fc32', 'Đồng hồ nam Casio MC7141-57A', 'Casio', 'Trung Quốc', 'Oval', 'Quartz Chronometer', '30mm', 'Gốm ceramic nguyên khối', '24cm', '40m', 31, 3512456.61, 49, '["/uploads/17466284156101.webp"]', '2025-06-04 17:29:54', '2025-06-04 17:29:54'),
('0d38205d-4764-4447-8593-9c5fff30b564', '8442d9b5-333a-486e-8442-c1569f05fc32', 'Đồng hồ nam Fossil OB15BD64', 'Fossil', 'Mỹ', 'Vuông', 'Eco-Drive', '48mm', 'Thép không gỉ dạng lưới milanese', '20cm', '40m', 44, 1758918.23, 42, '["/uploads/1746628415697.webp"]', '2025-06-04 17:29:54', '2025-06-04 17:29:54'),
('9787e29f-abd3-48b8-9a1a-eebbf3eca0a2', '8442d9b5-333a-486e-8442-c1569f05fc32', 'Đồng hồ nam Olympia Star T065.430.16.031.00', 'Olympia Star', 'Mỹ', 'Đặc biệt', 'Quartz Chronometer', '48mm', 'Thép không gỉ kết hợp ceramic', '22cm', '50m', 10, 8028449.1, 11, '["/uploads/1746628415698.webp"]', '2025-06-04 17:29:54', '2025-06-04 17:29:54'),
('1b74e9e7-b347-41eb-9f26-ac6ca902d0f0', '8442d9b5-333a-486e-8442-c1569f05fc32', 'Đồng hồ nam Seiko BZ1000-06E', 'Seiko', 'Trung Quốc', 'Oval', 'Automatic Chronometer', '40mm', 'Titanium', '20cm', '40m', 16, 19505086.17, 20, '["/uploads/1746628415699.webp"]', '2025-06-04 17:29:54', '2025-06-04 17:29:54'),
('749d67cc-95da-4049-8bbd-d64b15170045', '8442d9b5-333a-486e-8442-c1569f05fc32', 'Đồng hồ nam Frederique Constant MN1-701-51', 'Frederique Constant', 'Mỹ', 'Oval', 'Eco-Drive', '50mm', 'Kim loại cao cấp', '22cm', '40m', 2, 19982453.06, 56, '["/uploads/17466284156100.webp"]', '2025-06-04 17:29:54', '2025-06-04 17:29:54'),
('031f80f9-c049-4fe6-8f5f-bce6a2979ecf', '8442d9b5-333a-486e-8442-c1569f05fc32', 'Đồng hồ nam Citizen MTP-V002GL-7B3UDF', 'Citizen', 'Nhật Bản', 'Đặc biệt', 'Automatic Chronometer', '42mm', 'Kim loại cao cấp', '22cm', '40m', 36, 9643988.4, 40, '["/uploads/17466284156101.webp"]', '2025-06-04 17:29:54', '2025-06-04 17:29:54'),
('799079e0-4806-4dfe-b4db-240c6c893972', '8442d9b5-333a-486e-8442-c1569f05fc32', 'Đồng hồ nam Frederique Constant MC7141-57A', 'Frederique Constant', 'Trung Quốc', 'Đặc biệt', 'Automatic', '48mm', 'Titanium', '24cm', '30m', 4, 5216136.55, 58, '["/uploads/1746628415697.webp"]', '2025-06-04 17:29:54', '2025-06-04 17:29:54'),
('b0e8592c-71e9-4c7f-8c7c-a043fabbcc2b', '8442d9b5-333a-486e-8442-c1569f05fc32', 'Đồng hồ nam Daniel Wellington MN1-701-51', 'Daniel Wellington', 'Thụy Sĩ', 'Tròn', 'Eco-Drive', '40mm', 'Gốm ceramic nguyên khối', '22cm', '40m', 13, 12404340.22, 25, '["/uploads/1746628415698.webp"]', '2025-06-04 17:29:54', '2025-06-04 17:29:54'),
('da3d4f75-7dbc-4633-9f55-3c259c242a06', '8442d9b5-333a-486e-8442-c1569f05fc32', 'Đồng hồ nam Edox AQ-230A-7BMQY', 'Edox', 'Thụy Điển', 'Chữ nhật', 'Quartz Chronograph', '46mm', 'Thép không gỉ 316l mạ vàng pvd', '22cm', '50m', 29, 6644070.39, 30, '["/uploads/1746628415699.webp"]', '2025-06-04 17:29:54', '2025-06-04 17:29:54'),
('788312f3-b1e8-4a8b-aaa3-007b62100fe2', '8442d9b5-333a-486e-8442-c1569f05fc32', 'Đồng hồ nam Citizen T065.430.16.031.00', 'Citizen', 'Trung Quốc', 'Đặc biệt', 'Quartz Chronograph', '50mm', 'Thép không gỉ 316l mạ vàng pvd', '16cm', '40m', 32, 7196856.7, 39, '["/uploads/17466284156100.webp"]', '2025-06-04 17:29:54', '2025-06-04 17:29:54'),
('89e78aeb-a89a-4dca-aa8f-99e501c7f227', '8442d9b5-333a-486e-8442-c1569f05fc32', 'Đồng hồ nam Claude Bernard SSB359P1', 'Claude Bernard', 'Nhật Bản', 'Vuông', 'Quartz Chronometer', '46mm', 'Vỏ mạ pvd', '24cm', '30m', 9, 8244314.89, 35, '["/uploads/17466284156101.webp"]', '2025-06-04 17:29:54', '2025-06-04 17:29:54'),
('a5e31522-d3b8-4c78-8cbc-2188a9740ebc', '8442d9b5-333a-486e-8442-c1569f05fc32', 'Đồng hồ nam Hamilton MTP-V002GL-7B3UDF', 'Hamilton', 'Thụy Sĩ', 'Đặc biệt', 'Automatic Chronometer', '44mm', 'Kim loại cao cấp', '22cm', '40m', 35, 4260880.2, 35, '["/uploads/1746628415697.webp"]', '2025-06-04 17:29:54', '2025-06-04 17:29:54'),
('7316b938-f6d3-4740-9dfd-505c8606779f', '8442d9b5-333a-486e-8442-c1569f05fc32', 'Đồng hồ nam Casio BI5000-87L', 'Casio', 'Đức', 'Chữ nhật', 'Quartz Chronometer', '42mm', 'Vỏ mạ pvd', '16cm', '40m', 44, 6259994.82, 32, '["/uploads/1746628415698.webp"]', '2025-06-04 17:29:54', '2025-06-04 17:29:54'),
('ddf5b979-a141-4dde-bda1-ff31f4dbfa88', '8442d9b5-333a-486e-8442-c1569f05fc32', 'Đồng hồ nam Seiko MC7141-57A', 'Seiko', 'Mỹ', 'Vuông', 'Eco-Drive', '46mm', 'Thép không gỉ dạng lưới milanese', '22cm', '100m', 11, 3728271.31, 42, '["/uploads/1746628415699.webp"]', '2025-06-04 17:29:54', '2025-06-04 17:29:54'),
('50305c7a-9307-4f4d-9c55-4a1d5dc83500', '8442d9b5-333a-486e-8442-c1569f05fc32', 'Đồng hồ nam Seiko H32565165', 'Seiko', 'Thụy Điển', 'Chữ nhật', 'Quartz Chronometer', '46mm', 'Kim loại cao cấp', '16cm', '50m', 13, 2898751.39, 31, '["/uploads/17466284156100.webp"]', '2025-06-04 17:29:54', '2025-06-04 17:29:54'),
('db9d3f74-c953-4976-a3f7-70439071b04b', '8442d9b5-333a-486e-8442-c1569f05fc32', 'Đồng hồ nam Orient T137.410.11.041.00', 'Orient', 'Trung Quốc', 'Vuông', 'Automatic', '48mm', 'Titanium', '20cm', '50m', 10, 17727021.99, 38, '["/uploads/17466284156101.webp"]', '2025-06-04 17:29:54', '2025-06-04 17:29:54'),
('8f6cf3d6-d7fa-4ba5-abdc-603626caeffd', '8442d9b5-333a-486e-8442-c1569f05fc32', 'Đồng hồ nam Citizen SRPD55K1', 'Citizen', 'Đức', 'Đặc biệt', 'Eco-Drive', '48mm', 'Thép không gỉ dạng lưới milanese', '18cm', '30m', 50, 19560189.34, 13, '["/uploads/1746628415697.webp"]', '2025-06-04 17:29:54', '2025-06-04 17:29:54'),
('03d991ef-9098-4010-aa73-7c54783b8477', '8442d9b5-333a-486e-8442-c1569f05fc32', 'Đồng hồ nam Hamilton HYT H0', 'Hamilton', 'Hàn Quốc', 'Tròn', 'Quartz', '48mm', 'Thép không gỉ kết hợp ceramic', '20cm', '100m', 2, 4268443.59, 19, '["/uploads/1746628415698.webp"]', '2025-06-04 17:29:54', '2025-06-04 17:29:54'),
('2f720521-daee-4828-b1e9-1ee852cce00a', '8442d9b5-333a-486e-8442-c1569f05fc32', 'Đồng hồ nam Tissot SKW6007', 'Tissot', 'Nhật Bản', 'Tròn', 'Automatic Chronometer', '50mm', 'Titanium', '20cm', '40m', 31, 12681766.22, 13, '["/uploads/1746628415699.webp"]', '2025-06-04 17:29:54', '2025-06-04 17:29:54'),
('6fc2596f-a112-4fef-811a-5def208af599', '8442d9b5-333a-486e-8442-c1569f05fc32', 'Đồng hồ nam Edox L3.742.4.96.6', 'Edox', 'Mỹ', 'Chữ nhật', 'Quartz', '40mm', 'Thép không gỉ 316l', '24cm', '100m', 5, 10501771.54, 21, '["/uploads/17466284156100.webp"]', '2025-06-04 17:29:54', '2025-06-04 17:29:54'),
('9dee3e44-239a-4a1e-a96b-4e93e387e31b', '8442d9b5-333a-486e-8442-c1569f05fc32', 'Đồng hồ nam Olympia Star MC7141-57A', 'Olympia Star', 'Mỹ', 'Tròn', 'Automatic Chronometer', '48mm', 'Gốm ceramic nguyên khối', '24cm', '100m', 8, 2783608.07, 42, '["/uploads/17466284156101.webp"]', '2025-06-04 17:29:54', '2025-06-04 17:29:54'),
('bd9766d5-5683-47dc-a2b8-1df20dc5f8a5', '8442d9b5-333a-486e-8442-c1569f05fc32', 'Đồng hồ nam Daniel Wellington BZ1000-06E', 'Daniel Wellington', 'Thụy Điển', 'Vuông', 'Eco-Drive', '46mm', 'Kim loại cao cấp', '24cm', '50m', 44, 19528607.8, 29, '["/uploads/1746628415697.webp"]', '2025-06-04 17:29:54', '2025-06-04 17:29:54'),
('aa01f1c8-7c0c-4235-a645-68cda960223c', '8442d9b5-333a-486e-8442-c1569f05fc32', 'Đồng hồ nam Orient DW00100127', 'Orient', 'Đức', 'Tròn', 'Automatic', '46mm', 'Thép không gỉ kết hợp ceramic', '24cm', '100m', 12, 3498459.78, 41, '["/uploads/1746628415698.webp"]', '2025-06-04 17:29:54', '2025-06-04 17:29:54'),
('455df974-602a-41f5-9d99-482d7a7cecf0', '8442d9b5-333a-486e-8442-c1569f05fc32', 'Đồng hồ nam Edox DW00100127', 'Edox', 'Đức', 'Đặc biệt', 'Eco-Drive', '42mm', 'Thép không gỉ 316l mạ vàng pvd', '20cm', '50m', 33, 4645566.96, 17, '["/uploads/1746628415699.webp"]', '2025-06-04 17:29:54', '2025-06-04 17:29:54'),
('48c66641-dfaf-43f9-b131-d9d112074b1c', '8442d9b5-333a-486e-8442-c1569f05fc32', 'Đồng hồ nam Certina SSB359P1', 'Certina', 'Đức', 'Vuông', 'Quartz Chronograph', '46mm', 'Gốm ceramic nguyên khối', '16cm', '50m', 49, 17897631.51, 40, '["/uploads/17466284156100.webp"]', '2025-06-04 17:29:54', '2025-06-04 17:29:54'),
('271e50f7-8a73-4ff4-abfd-04ddf76bbd7d', '8442d9b5-333a-486e-8442-c1569f05fc32', 'Đồng hồ nam Calvin Klein T065.430.16.031.00', 'Calvin Klein', 'Hàn Quốc', 'Tròn', 'Automatic', '50mm', 'Gốm ceramic nguyên khối', '22cm', '30m', 26, 6680371.83, 57, '["/uploads/17466284156101.webp"]', '2025-06-04 17:29:54', '2025-06-04 17:29:54'),
('8cf47111-bd54-4e46-83b7-4f5b060b189c', '8442d9b5-333a-486e-8442-c1569f05fc32', 'Đồng hồ nam Orient T065.430.16.031.00', 'Orient', 'Mỹ', 'Đặc biệt', 'Automatic Chronometer', '40mm', 'Thép không gỉ dạng lưới milanese', '22cm', '40m', 41, 12499429.06, 33, '["/uploads/1746628415697.webp"]', '2025-06-04 17:29:54', '2025-06-04 17:29:54'),
('549a2ba6-f254-4e8d-b999-15f5e9a34f43', '8442d9b5-333a-486e-8442-c1569f05fc32', 'Đồng hồ nam Maurice Lacroix HYT H0', 'Maurice Lacroix', 'Đức', 'Oval', 'Automatic Chronometer', '40mm', 'Vỏ mạ pvd', '20cm', '50m', 2, 1735766.71, 50, '["/uploads/1746628415698.webp"]', '2025-06-04 17:29:54', '2025-06-04 17:29:54'),
('64e08fc2-3179-4a12-94c0-de0bd557fca7', '8442d9b5-333a-486e-8442-c1569f05fc32', 'Đồng hồ nam Maurice Lacroix T065.430.16.031.00', 'Maurice Lacroix', 'Thụy Điển', 'Vuông', 'Quartz Chronograph', '44mm', 'Gốm ceramic nguyên khối', '20cm', '100m', 11, 13268978.36, 19, '["/uploads/1746628415699.webp"]', '2025-06-04 17:29:54', '2025-06-04 17:29:54'),
('effb94d0-df0c-4f43-bb01-d4fbd8547bd1', '8442d9b5-333a-486e-8442-c1569f05fc32', 'Đồng hồ nam Citizen H32565165', 'Citizen', 'Trung Quốc', 'Đặc biệt', 'Quartz Chronograph', '48mm', 'Thép không gỉ kết hợp ceramic', '16cm', '100m', 3, 8663138.72, 22, '["/uploads/17466284156100.webp"]', '2025-06-04 17:29:54', '2025-06-04 17:29:54'),
('5628cdd3-337c-4f94-b096-f95f124b300b', '8442d9b5-333a-486e-8442-c1569f05fc32', 'Đồng hồ nam Orient MK8281', 'Orient', 'Nhật Bản', 'Đặc biệt', 'Eco-Drive', '48mm', 'Gốm ceramic nguyên khối', '20cm', '30m', 34, 7770673.3, 19, '["/uploads/17466284156101.webp"]', '2025-06-04 17:29:54', '2025-06-04 17:29:54'),
('4b1477d3-c91e-4636-8e39-dd10a4f3c6ae', '8442d9b5-333a-486e-8442-c1569f05fc32', 'Đồng hồ nam Mido SSB359P1', 'Mido', 'Đức', 'Tròn', 'Automatic Chronometer', '30mm', 'Kim loại cao cấp', '22cm', '50m', 26, 8848224.11, 39, '["/uploads/1746628415697.webp"]', '2025-06-04 17:29:54', '2025-06-04 17:29:54'),
('0607aa74-c3d9-47e2-9b92-6f6c8d074e79', '8442d9b5-333a-486e-8442-c1569f05fc32', 'Đồng hồ nam Olympia Star HYT H0', 'Olympia Star', 'Trung Quốc', 'Vuông', 'Automatic', '48mm', 'Titanium', '16cm', '100m', 49, 18782864.68, 16, '["/uploads/1746628415698.webp"]', '2025-06-04 17:29:54', '2025-06-04 17:29:54'),
('421b7135-fd4d-4b8e-8a92-f822ef9f82b0', '8442d9b5-333a-486e-8442-c1569f05fc32', 'Đồng hồ nam Tissot LX-1224', 'Tissot', 'Thụy Điển', 'Vuông', 'Quartz Chronometer', '48mm', 'Thép không gỉ kết hợp ceramic', '20cm', '40m', 46, 12026558.65, 17, '["/uploads/1746628415699.webp"]', '2025-06-04 17:29:54', '2025-06-04 17:29:54'),
('bc2f921b-a79f-4f25-a07c-940e8b7f4496', '8442d9b5-333a-486e-8442-c1569f05fc32', 'Đồng hồ nam Calvin Klein LX-1224', 'Calvin Klein', 'Thụy Điển', 'Đặc biệt', 'Automatic Chronometer', '46mm', 'Vỏ mạ pvd', '22cm', '30m', 47, 8707098.27, 52, '["/uploads/17466284156100.webp"]', '2025-06-04 17:29:54', '2025-06-04 17:29:54'),
('27a8548e-0441-4f5c-ae2e-e9573f72c0c0', '8442d9b5-333a-486e-8442-c1569f05fc32', 'Đồng hồ nam Mido T137.410.11.041.00', 'Mido', 'Thụy Sĩ', 'Chữ nhật', 'Quartz', '50mm', 'Thép không gỉ 316l', '24cm', '40m', 4, 10712528.27, 39, '["/uploads/17466284156101.webp"]', '2025-06-04 17:29:54', '2025-06-04 17:29:54'),
('ef78fcef-2c78-4fec-ba42-9641b8b38444', '8442d9b5-333a-486e-8442-c1569f05fc32', 'Đồng hồ nam Hamilton MN1-701-51', 'Hamilton', 'Mỹ', 'Tròn', 'Automatic Chronometer', '42mm', 'Thép không gỉ kết hợp ceramic', '20cm', '50m', 7, 4351998.41, 54, '["/uploads/1746628415697.webp"]', '2025-06-04 17:29:54', '2025-06-04 17:29:54'),
('1717b788-8eb5-4582-92e7-495d8b0df265', '8442d9b5-333a-486e-8442-c1569f05fc32', 'Đồng hồ nam Fossil MC7141-57A', 'Fossil', 'Nhật Bản', 'Tròn', 'Automatic Chronometer', '48mm', 'Gốm ceramic nguyên khối', '24cm', '50m', 35, 3667758.52, 12, '["/uploads/1746628415698.webp"]', '2025-06-04 17:29:54', '2025-06-04 17:29:54'),
('eba819a6-19e7-40d1-8ca0-4ede772f3c81', '8442d9b5-333a-486e-8442-c1569f05fc32', 'Đồng hồ nam Seiko MN1-701-51', 'Seiko', 'Thụy Điển', 'Đặc biệt', 'Automatic', '48mm', 'Thép không gỉ 316l mạ vàng pvd', '22cm', '40m', 20, 5642194.29, 36, '["/uploads/1746628415699.webp"]', '2025-06-04 17:29:54', '2025-06-04 17:29:54'),
('405cc137-f0da-4c7e-bc01-e2f7d1a37f6e', '8442d9b5-333a-486e-8442-c1569f05fc32', 'Đồng hồ nam Orient SKW6007', 'Orient', 'Nhật Bản', 'Đặc biệt', 'Automatic', '40mm', 'Kim loại cao cấp', '20cm', '100m', 3, 7503928.41, 19, '["/uploads/17466284156100.webp"]', '2025-06-04 17:29:54', '2025-06-04 17:29:54'),
('3c91763a-aba6-432e-8864-a5be9a2d963c', '8442d9b5-333a-486e-8442-c1569f05fc32', 'Đồng hồ nam Skagen DW00100127', 'Skagen', 'Thụy Sĩ', 'Đặc biệt', 'Automatic', '40mm', 'Thép không gỉ 316l mạ vàng pvd', '18cm', '50m', 45, 3498910.28, 11, '["/uploads/17466284156101.webp"]', '2025-06-04 17:29:54', '2025-06-04 17:29:54'),
('04a8165e-8fe8-479e-8b36-25780fbe7f05', '8442d9b5-333a-486e-8442-c1569f05fc32', 'Đồng hồ nam Hamilton BI5000-87L', 'Hamilton', 'Trung Quốc', 'Vuông', 'Eco-Drive', '46mm', 'Titanium', '18cm', '100m', 23, 18204511.39, 32, '["/uploads/1746628415697.webp"]', '2025-06-04 17:29:54', '2025-06-04 17:29:54'),
('a05a7c6d-c33f-450c-aff5-b8cb0acc594f', '8442d9b5-333a-486e-8442-c1569f05fc32', 'Đồng hồ nam Hamilton MC7141-57A', 'Hamilton', 'Mỹ', 'Đặc biệt', 'Quartz Chronograph', '30mm', 'Titanium', '24cm', '100m', 35, 13155007.67, 13, '["/uploads/1746628415698.webp"]', '2025-06-04 17:29:54', '2025-06-04 17:29:54'),
('6823005c-a214-4a18-92ca-d78f824a063b', '8442d9b5-333a-486e-8442-c1569f05fc32', 'Đồng hồ nam Mido H32565165', 'Mido', 'Nhật Bản', 'Oval', 'Quartz', '40mm', 'Vỏ mạ pvd', '24cm', '50m', 11, 5892195.89, 33, '["/uploads/1746628415699.webp"]', '2025-06-04 17:29:54', '2025-06-04 17:29:54'),
('a0913794-3bfb-4669-ad02-a6baca4ad919', '8442d9b5-333a-486e-8442-c1569f05fc32', 'Đồng hồ nam Citizen SRPD55K1', 'Citizen', 'Mỹ', 'Tròn', 'Automatic Chronometer', '50mm', 'Kim loại cao cấp', '24cm', '30m', 40, 18635897.05, 49, '["/uploads/17466284156100.webp"]', '2025-06-04 17:29:54', '2025-06-04 17:29:54'),
('dc2e6172-d441-4b41-941d-1f18c038aa2c', '8442d9b5-333a-486e-8442-c1569f05fc32', 'Đồng hồ nam Claude Bernard DW00100127', 'Claude Bernard', 'Thụy Điển', 'Oval', 'Quartz Chronograph', '30mm', 'Vỏ mạ pvd', '22cm', '50m', 17, 11743638.38, 26, '["/uploads/17466284156101.webp"]', '2025-06-04 17:29:54', '2025-06-04 17:29:54'),
('6327cb69-7049-4632-b31f-b4a2f477facc', '8442d9b5-333a-486e-8442-c1569f05fc32', 'Đồng hồ nam Longines AQ-230A-7BMQY', 'Longines', 'Thụy Điển', 'Tròn', 'Quartz Chronograph', '44mm', 'Vỏ mạ pvd', '22cm', '30m', 13, 16147948.16, 18, '["/uploads/1746628415697.webp"]', '2025-06-04 17:29:54', '2025-06-04 17:29:54'),
('bfb85260-c165-4462-b71d-c5ed7930f963', '8442d9b5-333a-486e-8442-c1569f05fc32', 'Đồng hồ nam Calvin Klein RA-AC0F02B10B', 'Calvin Klein', 'Trung Quốc', 'Chữ nhật', 'Automatic Chronometer', '50mm', 'Thép không gỉ 316l mạ vàng pvd', '20cm', '50m', 23, 13060647.28, 32, '["/uploads/1746628415698.webp"]', '2025-06-04 17:29:54', '2025-06-04 17:29:54'),
('2d7929ab-fa1c-41f2-bd8f-407ec00ab116', '8442d9b5-333a-486e-8442-c1569f05fc32', 'Đồng hồ nam Mido T065.430.16.031.00', 'Mido', 'Mỹ', 'Vuông', 'Eco-Drive', '44mm', 'Thép không gỉ kết hợp ceramic', '22cm', '30m', 2, 14958234.01, 59, '["/uploads/1746628415699.webp"]', '2025-06-04 17:29:54', '2025-06-04 17:29:54'),
('4a991069-37f0-4691-b7ab-607f52bd6ff1', '8442d9b5-333a-486e-8442-c1569f05fc32', 'Đồng hồ nam Edox L3.742.4.96.6', 'Edox', 'Thụy Điển', 'Đặc biệt', 'Quartz Chronometer', '42mm', 'Kim loại cao cấp', '24cm', '30m', 15, 1325878.35, 36, '["/uploads/17466284156100.webp"]', '2025-06-04 17:29:54', '2025-06-04 17:29:54'),
('b27ea8f9-b938-4870-9d47-38fe1caf4d13', '8442d9b5-333a-486e-8442-c1569f05fc32', 'Đồng hồ nam Olympia Star SKW6007', 'Olympia Star', 'Nhật Bản', 'Oval', 'Eco-Drive', '42mm', 'Kim loại cao cấp', '20cm', '100m', 13, 7031707.04, 53, '["/uploads/17466284156101.webp"]', '2025-06-04 17:29:54', '2025-06-04 17:29:54'),
('686656d1-e399-4752-8a6f-29c16a245806', '74869d89-0011-45b6-bd3b-df6572fa601e', 'Đồng hồ nữ Casio BI5000-87L', 'Casio', 'Đức', 'Vuông', 'Automatic Chronometer', '48mm', 'Thép không gỉ 316l', '20cm', '40m', 43, 13475610.82, 18, '["/uploads/1746628415697.webp"]', '2025-06-04 17:29:54', '2025-06-04 17:29:54'),
('83e36375-945c-4c1d-8d68-334011b868f2', '74869d89-0011-45b6-bd3b-df6572fa601e', 'Đồng hồ nữ Calvin Klein SSB359P1', 'Calvin Klein', 'Đức', 'Chữ nhật', 'Automatic', '42mm', 'Thép không gỉ 316l mạ vàng pvd', '24cm', '30m', 31, 12793515.79, 28, '["/uploads/1746628415698.webp"]', '2025-06-04 17:29:54', '2025-06-04 17:29:54'),
('8a6624e0-58cf-44b6-95dc-fcfe54ff2212', '74869d89-0011-45b6-bd3b-df6572fa601e', 'Đồng hồ nữ Certina SRPD55K1', 'Certina', 'Thụy Điển', 'Đặc biệt', 'Automatic Chronometer', '40mm', 'Thép không gỉ 316l', '22cm', '40m', 17, 8433422.93, 50, '["/uploads/1746628415699.webp"]', '2025-06-04 17:29:54', '2025-06-04 17:29:54'),
('ece28bf4-bf84-44cd-969a-6c4e36f106b2', '74869d89-0011-45b6-bd3b-df6572fa601e', 'Đồng hồ nữ Daniel Wellington FS4835', 'Daniel Wellington', 'Hàn Quốc', 'Vuông', 'Quartz', '40mm', 'Titanium', '16cm', '40m', 23, 14651098.02, 59, '["/uploads/17466284156100.webp"]', '2025-06-04 17:29:54', '2025-06-04 17:29:54'),
('8d21979c-ae97-450f-b923-f848441ae00e', '74869d89-0011-45b6-bd3b-df6572fa601e', 'Đồng hồ nữ Orient SSB359P1', 'Orient', 'Thụy Điển', 'Tròn', 'Automatic', '40mm', 'Vỏ mạ pvd', '24cm', '40m', 36, 17957549.1, 22, '["/uploads/17466284156101.webp"]', '2025-06-04 17:29:54', '2025-06-04 17:29:54'),
('ed66c47d-f37f-4640-959b-b4d375e4e2fc', '74869d89-0011-45b6-bd3b-df6572fa601e', 'Đồng hồ nữ Frederique Constant H32565165', 'Frederique Constant', 'Nhật Bản', 'Chữ nhật', 'Quartz', '42mm', 'Vỏ mạ pvd', '18cm', '50m', 4, 16374822.82, 40, '["/uploads/1746628415697.webp"]', '2025-06-04 17:29:54', '2025-06-04 17:29:54'),
('9cb778e3-b789-4da0-a3d3-03ebef6a02e5', '74869d89-0011-45b6-bd3b-df6572fa601e', 'Đồng hồ nữ Orient HYT H0', 'Orient', 'Nhật Bản', 'Chữ nhật', 'Quartz', '30mm', 'Kim loại cao cấp', '24cm', '30m', 35, 19745897.71, 60, '["/uploads/1746628415698.webp"]', '2025-06-04 17:29:54', '2025-06-04 17:29:54'),
('7e7b9df5-45c1-45d7-b458-024345c17286', '74869d89-0011-45b6-bd3b-df6572fa601e', 'Đồng hồ nữ Certina T137.410.11.041.00', 'Certina', 'Thụy Điển', 'Oval', 'Automatic', '50mm', 'Thép không gỉ kết hợp ceramic', '22cm', '30m', 27, 5878134.5, 42, '["/uploads/1746628415699.webp"]', '2025-06-04 17:29:54', '2025-06-04 17:29:54'),
('cdd616ad-3102-4825-b8ff-e90a36a0ca9b', '74869d89-0011-45b6-bd3b-df6572fa601e', 'Đồng hồ nữ Certina SSB359P1', 'Certina', 'Nhật Bản', 'Tròn', 'Eco-Drive', '46mm', 'Titanium', '20cm', '50m', 1, 16302097.72, 10, '["/uploads/17466284156100.webp"]', '2025-06-04 17:29:54', '2025-06-04 17:29:54'),
('4cf9d37e-bd17-40f7-ac55-fe7e70a3b296', '74869d89-0011-45b6-bd3b-df6572fa601e', 'Đồng hồ nữ Mido T137.410.11.041.00', 'Mido', 'Mỹ', 'Chữ nhật', 'Automatic Chronometer', '30mm', 'Kim loại cao cấp', '20cm', '30m', 14, 1115608.33, 18, '["/uploads/17466284156101.webp"]', '2025-06-04 17:29:54', '2025-06-04 17:29:54'),
('b2b6d060-7e8a-4229-abda-679669f8653c', '74869d89-0011-45b6-bd3b-df6572fa601e', 'Đồng hồ nữ Maurice Lacroix BZ1000-06E', 'Maurice Lacroix', 'Trung Quốc', 'Đặc biệt', 'Quartz', '48mm', 'Vỏ mạ pvd', '16cm', '30m', 26, 1474932.51, 36, '["/uploads/1746628415697.webp"]', '2025-06-04 17:29:54', '2025-06-04 17:29:54'),
('a0fc5ebc-e44b-4eeb-82fc-a3ddf6399886', '74869d89-0011-45b6-bd3b-df6572fa601e', 'Đồng hồ nữ Fossil MN1-701-51', 'Fossil', 'Mỹ', 'Vuông', 'Quartz', '40mm', 'Gốm ceramic nguyên khối', '22cm', '40m', 3, 1097579.32, 26, '["/uploads/1746628415698.webp"]', '2025-06-04 17:29:54', '2025-06-04 17:29:54'),
('519ee31e-025d-484e-8477-91cf6d169870', '74869d89-0011-45b6-bd3b-df6572fa601e', 'Đồng hồ nữ Skagen OB15BD64', 'Skagen', 'Mỹ', 'Tròn', 'Automatic', '40mm', 'Titanium', '16cm', '100m', 8, 6728681.35, 40, '["/uploads/1746628415699.webp"]', '2025-06-04 17:29:54', '2025-06-04 17:29:54'),
('914e0481-6c5a-4946-a431-ba73eb111957', '74869d89-0011-45b6-bd3b-df6572fa601e', 'Đồng hồ nữ Longines T065.430.16.031.00', 'Longines', 'Mỹ', 'Vuông', 'Quartz', '30mm', 'Kim loại cao cấp', '18cm', '100m', 2, 3100799.91, 58, '["/uploads/17466284156100.webp"]', '2025-06-04 17:29:54', '2025-06-04 17:29:54'),
('cd40512d-2ec5-4f42-ad96-24c6e8338672', '74869d89-0011-45b6-bd3b-df6572fa601e', 'Đồng hồ nữ Calvin Klein MN1-701-51', 'Calvin Klein', 'Mỹ', 'Tròn', 'Quartz Chronometer', '48mm', 'Thép không gỉ dạng lưới milanese', '24cm', '100m', 2, 17966538.65, 19, '["/uploads/17466284156101.webp"]', '2025-06-04 17:29:54', '2025-06-04 17:29:54'),
('0d891149-04d4-4d28-a52e-056a28547d44', '74869d89-0011-45b6-bd3b-df6572fa601e', 'Đồng hồ nữ Citizen FS4835', 'Citizen', 'Thụy Sĩ', 'Vuông', 'Quartz Chronograph', '48mm', 'Thép không gỉ kết hợp ceramic', '24cm', '50m', 23, 19453718.98, 51, '["/uploads/1746628415697.webp"]', '2025-06-04 17:29:54', '2025-06-04 17:29:54'),
('f0ee47cf-8548-44d4-bee4-25fca0ca05ce', '74869d89-0011-45b6-bd3b-df6572fa601e', 'Đồng hồ nữ Seiko DW00100127', 'Seiko', 'Hàn Quốc', 'Đặc biệt', 'Quartz', '50mm', 'Gốm ceramic nguyên khối', '18cm', '30m', 15, 15903094.89, 36, '["/uploads/1746628415698.webp"]', '2025-06-04 17:29:54', '2025-06-04 17:29:54'),
('1cd63f51-f749-4a27-819e-f71a192ef875', '74869d89-0011-45b6-bd3b-df6572fa601e', 'Đồng hồ nữ Maurice Lacroix RA-AC0F02B10B', 'Maurice Lacroix', 'Mỹ', 'Oval', 'Quartz Chronograph', '50mm', 'Titanium', '20cm', '30m', 19, 8534154.76, 37, '["/uploads/1746628415699.webp"]', '2025-06-04 17:29:54', '2025-06-04 17:29:54'),
('26ed1e35-e8d1-41d5-9192-1d25d871ee9c', '74869d89-0011-45b6-bd3b-df6572fa601e', 'Đồng hồ nữ Tissot OB15BD64', 'Tissot', 'Thụy Điển', 'Oval', 'Quartz', '30mm', 'Gốm ceramic nguyên khối', '18cm', '100m', 46, 7606563.34, 25, '["/uploads/17466284156100.webp"]', '2025-06-04 17:29:54', '2025-06-04 17:29:54'),
('720f988a-a17e-4b7c-ad9f-0c0226b3a30a', '74869d89-0011-45b6-bd3b-df6572fa601e', 'Đồng hồ nữ Citizen L3.742.4.96.6', 'Citizen', 'Thụy Sĩ', 'Chữ nhật', 'Quartz', '48mm', 'Kim loại cao cấp', '18cm', '40m', 12, 18933177.98, 44, '["/uploads/17466284156101.webp"]', '2025-06-04 17:29:54', '2025-06-04 17:29:54'),
('2676d467-1661-4e23-989d-991d7ad98b3d', '74869d89-0011-45b6-bd3b-df6572fa601e', 'Đồng hồ nữ Hamilton SKW6007', 'Hamilton', 'Mỹ', 'Đặc biệt', 'Quartz', '44mm', 'Kim loại cao cấp', '18cm', '50m', 18, 3178366.9, 59, '["/uploads/1746628415697.webp"]', '2025-06-04 17:29:54', '2025-06-04 17:29:54'),
('58c676db-7ed0-44b0-9527-9e4d4db71e17', '74869d89-0011-45b6-bd3b-df6572fa601e', 'Đồng hồ nữ Maurice Lacroix DW00100127', 'Maurice Lacroix', 'Nhật Bản', 'Vuông', 'Automatic', '50mm', 'Vỏ mạ pvd', '24cm', '30m', 28, 10044204.29, 56, '["/uploads/1746628415698.webp"]', '2025-06-04 17:29:54', '2025-06-04 17:29:54'),
('8edb2605-27ea-4503-a244-1d4c6592e0a5', '74869d89-0011-45b6-bd3b-df6572fa601e', 'Đồng hồ nữ Seiko MTP-V002GL-7B3UDF', 'Seiko', 'Thụy Sĩ', 'Chữ nhật', 'Quartz', '50mm', 'Thép không gỉ kết hợp ceramic', '20cm', '40m', 46, 5305540.33, 60, '["/uploads/1746628415699.webp"]', '2025-06-04 17:29:54', '2025-06-04 17:29:54'),
('e26a4441-25d9-411d-8fc9-51abe08a421d', '74869d89-0011-45b6-bd3b-df6572fa601e', 'Đồng hồ nữ Claude Bernard MK8281', 'Claude Bernard', 'Hàn Quốc', 'Chữ nhật', 'Quartz', '40mm', 'Vỏ mạ pvd', '22cm', '30m', 49, 18291760.66, 39, '["/uploads/17466284156100.webp"]', '2025-06-04 17:29:54', '2025-06-04 17:29:54'),
('07a84216-1659-45f5-acff-4e062bbf1560', '74869d89-0011-45b6-bd3b-df6572fa601e', 'Đồng hồ nữ Certina FS4835', 'Certina', 'Thụy Điển', 'Chữ nhật', 'Quartz Chronometer', '30mm', 'Vỏ mạ pvd', '22cm', '50m', 47, 12903678.9, 17, '["/uploads/17466284156101.webp"]', '2025-06-04 17:29:54', '2025-06-04 17:29:54'),
('05180962-8cb9-457f-bd77-107b6e9213af', '74869d89-0011-45b6-bd3b-df6572fa601e', 'Đồng hồ nữ Claude Bernard FS4835', 'Claude Bernard', 'Thụy Điển', 'Đặc biệt', 'Quartz', '44mm', 'Thép không gỉ kết hợp ceramic', '22cm', '50m', 31, 4116119.61, 49, '["/uploads/1746628415697.webp"]', '2025-06-04 17:29:54', '2025-06-04 17:29:54'),
('4d2903b3-9078-414a-bc8c-f37888a15166', '74869d89-0011-45b6-bd3b-df6572fa601e', 'Đồng hồ nữ Orient SKW6007', 'Orient', 'Mỹ', 'Đặc biệt', 'Quartz Chronometer', '30mm', 'Gốm ceramic nguyên khối', '24cm', '100m', 47, 10844862.43, 11, '["/uploads/1746628415698.webp"]', '2025-06-04 17:29:54', '2025-06-04 17:29:54'),
('6c54ec94-9385-4aab-bebe-9a0137418eb0', '74869d89-0011-45b6-bd3b-df6572fa601e', 'Đồng hồ nữ Casio FS4835', 'Casio', 'Nhật Bản', 'Chữ nhật', 'Eco-Drive', '50mm', 'Thép không gỉ kết hợp ceramic', '16cm', '30m', 31, 16803951.54, 23, '["/uploads/1746628415699.webp"]', '2025-06-04 17:29:54', '2025-06-04 17:29:54'),
('7acb3ad4-2425-4d8e-9344-f32222ec78a2', '74869d89-0011-45b6-bd3b-df6572fa601e', 'Đồng hồ nữ Calvin Klein H32565165', 'Calvin Klein', 'Thụy Sĩ', 'Oval', 'Automatic Chronometer', '48mm', 'Titanium', '20cm', '30m', 15, 6038315.93, 16, '["/uploads/17466284156100.webp"]', '2025-06-04 17:29:54', '2025-06-04 17:29:54'),
('5194f142-55e2-4067-b00b-d0cb59b57397', '74869d89-0011-45b6-bd3b-df6572fa601e', 'Đồng hồ nữ Claude Bernard MC7141-57A', 'Claude Bernard', 'Thụy Điển', 'Vuông', 'Quartz Chronometer', '42mm', 'Titanium', '16cm', '40m', 16, 16012275.02, 38, '["/uploads/17466284156101.webp"]', '2025-06-04 17:29:54', '2025-06-04 17:29:54'),
('872665bd-4acb-48fb-912e-8d58aabf3f9d', '74869d89-0011-45b6-bd3b-df6572fa601e', 'Đồng hồ nữ Orient SSB359P1', 'Orient', 'Trung Quốc', 'Oval', 'Eco-Drive', '48mm', 'Titanium', '22cm', '100m', 21, 18947012.03, 42, '["/uploads/1746628415697.webp"]', '2025-06-04 17:29:54', '2025-06-04 17:29:54'),
('177b8f3f-aa7c-420b-9ab6-3d9e1fdfd0bd', '74869d89-0011-45b6-bd3b-df6572fa601e', 'Đồng hồ nữ Skagen AQ-230A-7BMQY', 'Skagen', 'Trung Quốc', 'Vuông', 'Automatic Chronometer', '46mm', 'Thép không gỉ 316l', '18cm', '50m', 32, 13606772.05, 20, '["/uploads/1746628415698.webp"]', '2025-06-04 17:29:54', '2025-06-04 17:29:54'),
('71d6c384-2826-4546-ba91-43a8a23c4011', '74869d89-0011-45b6-bd3b-df6572fa601e', 'Đồng hồ nữ Casio OB15BD64', 'Casio', 'Hàn Quốc', 'Chữ nhật', 'Quartz', '50mm', 'Kim loại cao cấp', '22cm', '30m', 9, 7657970.9, 29, '["/uploads/1746628415699.webp"]', '2025-06-04 17:29:54', '2025-06-04 17:29:54'),
('0d7cd4cb-5987-4f37-b3dc-d152ec7169d2', '74869d89-0011-45b6-bd3b-df6572fa601e', 'Đồng hồ nữ Longines HYT H0', 'Longines', 'Trung Quốc', 'Oval', 'Quartz Chronograph', '46mm', 'Kim loại cao cấp', '20cm', '100m', 11, 11380311.28, 12, '["/uploads/17466284156100.webp"]', '2025-06-04 17:29:54', '2025-06-04 17:29:54'),
('3191e817-7d0f-41dd-9f16-d46d7f7f0115', '74869d89-0011-45b6-bd3b-df6572fa601e', 'Đồng hồ nữ Skagen T137.410.11.041.00', 'Skagen', 'Hàn Quốc', 'Tròn', 'Quartz', '50mm', 'Thép không gỉ 316l mạ vàng pvd', '24cm', '30m', 5, 4968226.64, 31, '["/uploads/17466284156101.webp"]', '2025-06-04 17:29:54', '2025-06-04 17:29:54'),
('f089c0b5-4506-4dda-abb3-9049d2bc3104', '74869d89-0011-45b6-bd3b-df6572fa601e', 'Đồng hồ nữ Orient T137.410.11.041.00', 'Orient', 'Mỹ', 'Tròn', 'Automatic', '46mm', 'Titanium', '18cm', '40m', 40, 16383105.28, 34, '["/uploads/1746628415697.webp"]', '2025-06-04 17:29:54', '2025-06-04 17:29:54'),
('1215a019-9551-4b3d-ac71-2e295dc6a05f', '74869d89-0011-45b6-bd3b-df6572fa601e', 'Đồng hồ nữ Olympia Star SKW6007', 'Olympia Star', 'Nhật Bản', 'Đặc biệt', 'Eco-Drive', '44mm', 'Gốm ceramic nguyên khối', '18cm', '100m', 35, 6609247.34, 19, '["/uploads/1746628415698.webp"]', '2025-06-04 17:29:54', '2025-06-04 17:29:54'),
('23c4b236-26a8-4375-939d-af651e50a048', '74869d89-0011-45b6-bd3b-df6572fa601e', 'Đồng hồ nữ Seiko OB15BD64', 'Seiko', 'Thụy Sĩ', 'Tròn', 'Automatic Chronometer', '30mm', 'Kim loại cao cấp', '22cm', '30m', 29, 4019948.99, 45, '["/uploads/1746628415699.webp"]', '2025-06-04 17:29:54', '2025-06-04 17:29:54'),
('a54028ba-24df-48fb-9f65-d744850121eb', '74869d89-0011-45b6-bd3b-df6572fa601e', 'Đồng hồ nữ Skagen T065.430.16.031.00', 'Skagen', 'Trung Quốc', 'Vuông', 'Quartz Chronometer', '42mm', 'Gốm ceramic nguyên khối', '20cm', '50m', 16, 1464041.25, 19, '["/uploads/17466284156100.webp"]', '2025-06-04 17:29:54', '2025-06-04 17:29:54'),
('c3b04d36-5c8c-497b-b1e3-2f071fc22bc2', '74869d89-0011-45b6-bd3b-df6572fa601e', 'Đồng hồ nữ Mido OB15BD64', 'Mido', 'Nhật Bản', 'Đặc biệt', 'Automatic Chronometer', '50mm', 'Vỏ mạ pvd', '16cm', '40m', 34, 3524027.43, 40, '["/uploads/17466284156101.webp"]', '2025-06-04 17:29:54', '2025-06-04 17:29:54'),
('4e2dd376-c7db-4727-9a36-4c9f1624a033', '74869d89-0011-45b6-bd3b-df6572fa601e', 'Đồng hồ nữ Olympia Star MTP-V002GL-7B3UDF', 'Olympia Star', 'Trung Quốc', 'Đặc biệt', 'Quartz', '44mm', 'Thép không gỉ 316l mạ vàng pvd', '22cm', '30m', 37, 13083622.26, 42, '["/uploads/1746628415697.webp"]', '2025-06-04 17:29:54', '2025-06-04 17:29:54'),
('d3ae5672-6e6c-4ae7-b4cb-45b9316cd7b4', '74869d89-0011-45b6-bd3b-df6572fa601e', 'Đồng hồ nữ Skagen OB15BD64', 'Skagen', 'Thụy Sĩ', 'Vuông', 'Automatic Chronometer', '46mm', 'Kim loại cao cấp', '24cm', '40m', 6, 7973245.48, 18, '["/uploads/1746628415698.webp"]', '2025-06-04 17:29:54', '2025-06-04 17:29:54'),
('6a95d03f-b104-4e9d-843d-c8e547890092', '74869d89-0011-45b6-bd3b-df6572fa601e', 'Đồng hồ nữ Fossil T137.410.11.041.00', 'Fossil', 'Thụy Sĩ', 'Vuông', 'Automatic', '46mm', 'Thép không gỉ 316l', '18cm', '30m', 25, 17387538.81, 49, '["/uploads/1746628415699.webp"]', '2025-06-04 17:29:54', '2025-06-04 17:29:54'),
('7056da90-1693-4a03-a20d-bfa39281de28', '74869d89-0011-45b6-bd3b-df6572fa601e', 'Đồng hồ nữ Hamilton MTP-V002GL-7B3UDF', 'Hamilton', 'Hàn Quốc', 'Oval', 'Quartz', '46mm', 'Thép không gỉ dạng lưới milanese', '16cm', '100m', 39, 9314411.85, 15, '["/uploads/17466284156100.webp"]', '2025-06-04 17:29:54', '2025-06-04 17:29:54'),
('2c651f15-81f1-4fb3-9dda-640b00bc67dd', '74869d89-0011-45b6-bd3b-df6572fa601e', 'Đồng hồ nữ Casio MTP-V002GL-7B3UDF', 'Casio', 'Thụy Sĩ', 'Vuông', 'Quartz', '30mm', 'Thép không gỉ 316l mạ vàng pvd', '24cm', '30m', 1, 9090433.57, 39, '["/uploads/17466284156101.webp"]', '2025-06-04 17:29:54', '2025-06-04 17:29:54'),
('9e338f43-fa17-47d0-8827-8d4bc7f6050b', '74869d89-0011-45b6-bd3b-df6572fa601e', 'Đồng hồ nữ Mido MC7141-57A', 'Mido', 'Thụy Điển', 'Đặc biệt', 'Quartz', '40mm', 'Vỏ mạ pvd', '18cm', '50m', 26, 7730830.98, 53, '["/uploads/1746628415697.webp"]', '2025-06-04 17:29:54', '2025-06-04 17:29:54'),
('fc252ec6-6973-431e-bb86-fab097ca0144', '74869d89-0011-45b6-bd3b-df6572fa601e', 'Đồng hồ nữ Frederique Constant MTP-V002GL-7B3UDF', 'Frederique Constant', 'Thụy Điển', 'Vuông', 'Quartz Chronograph', '46mm', 'Thép không gỉ kết hợp ceramic', '20cm', '40m', 22, 8317949.83, 43, '["/uploads/1746628415698.webp"]', '2025-06-04 17:29:54', '2025-06-04 17:29:54'),
('98e61d8d-a7b7-4327-9ec7-fbac27e9b7ce', '74869d89-0011-45b6-bd3b-df6572fa601e', 'Đồng hồ nữ Claude Bernard MK8281', 'Claude Bernard', 'Thụy Sĩ', 'Đặc biệt', 'Automatic Chronometer', '48mm', 'Thép không gỉ 316l mạ vàng pvd', '18cm', '100m', 1, 12984695.09, 47, '["/uploads/1746628415699.webp"]', '2025-06-04 17:29:54', '2025-06-04 17:29:54'),
('53b4717b-adef-4fc3-a3e2-7544f38ea616', '74869d89-0011-45b6-bd3b-df6572fa601e', 'Đồng hồ nữ Daniel Wellington MK8281', 'Daniel Wellington', 'Thụy Sĩ', 'Đặc biệt', 'Quartz Chronometer', '40mm', 'Kim loại cao cấp', '18cm', '100m', 36, 8719549.34, 28, '["/uploads/17466284156100.webp"]', '2025-06-04 17:29:54', '2025-06-04 17:29:54'),
('d1436632-7ec2-4b7d-8fc0-ffc3760a2be7', '74869d89-0011-45b6-bd3b-df6572fa601e', 'Đồng hồ nữ Citizen RA-AC0F02B10B', 'Citizen', 'Nhật Bản', 'Oval', 'Automatic', '44mm', 'Thép không gỉ 316l', '18cm', '30m', 25, 6041212.4, 48, '["/uploads/17466284156101.webp"]', '2025-06-04 17:29:54', '2025-06-04 17:29:54'),
('d208c196-b936-47ae-88c8-d51f4eee74e0', '74869d89-0011-45b6-bd3b-df6572fa601e', 'Đồng hồ nữ Certina L3.742.4.96.6', 'Certina', 'Đức', 'Chữ nhật', 'Quartz', '44mm', 'Titanium', '20cm', '50m', 30, 1297461.33, 23, '["/uploads/1746628415697.webp"]', '2025-06-04 17:29:54', '2025-06-04 17:29:54'),
('530b1167-1192-4118-9f9f-45d9b7f30e3f', '74869d89-0011-45b6-bd3b-df6572fa601e', 'Đồng hồ nữ Daniel Wellington L3.742.4.96.6', 'Daniel Wellington', 'Hàn Quốc', 'Oval', 'Quartz', '30mm', 'Vỏ mạ pvd', '16cm', '50m', 49, 15928063.16, 51, '["/uploads/1746628415698.webp"]', '2025-06-04 17:29:54', '2025-06-04 17:29:54'),
('0bf2c986-9910-4263-8c4f-92f3c9798d7c', '74869d89-0011-45b6-bd3b-df6572fa601e', 'Đồng hồ nữ Claude Bernard BZ1000-06E', 'Claude Bernard', 'Trung Quốc', 'Vuông', 'Eco-Drive', '40mm', 'Kim loại cao cấp', '16cm', '40m', 15, 17291057.36, 46, '["/uploads/1746628415699.webp"]', '2025-06-04 17:29:54', '2025-06-04 17:29:54'),
('bd3e13aa-c3e8-4c9c-afc6-530f991a8fdc', '74869d89-0011-45b6-bd3b-df6572fa601e', 'Đồng hồ nữ Certina L3.742.4.96.6', 'Certina', 'Mỹ', 'Vuông', 'Quartz Chronograph', '44mm', 'Thép không gỉ dạng lưới milanese', '20cm', '40m', 15, 18485705.93, 20, '["/uploads/17466284156100.webp"]', '2025-06-04 17:29:54', '2025-06-04 17:29:54'),
('bca22ba2-cdee-4dc5-af05-14d6881239b6', '74869d89-0011-45b6-bd3b-df6572fa601e', 'Đồng hồ nữ Hamilton BZ1000-06E', 'Hamilton', 'Thụy Sĩ', 'Đặc biệt', 'Quartz Chronometer', '50mm', 'Thép không gỉ 316l', '24cm', '100m', 29, 11343924.08, 19, '["/uploads/17466284156101.webp"]', '2025-06-04 17:29:54', '2025-06-04 17:29:54'),
('b8a3b0aa-efea-46cb-9c08-7f17eb96c605', '74869d89-0011-45b6-bd3b-df6572fa601e', 'Đồng hồ nữ Calvin Klein T137.410.11.041.00', 'Calvin Klein', 'Hàn Quốc', 'Chữ nhật', 'Eco-Drive', '44mm', 'Thép không gỉ 316l', '18cm', '40m', 19, 14915749.03, 26, '["/uploads/1746628415697.webp"]', '2025-06-04 17:29:54', '2025-06-04 17:29:54'),
('d58cb761-4758-4eac-a6ef-0448f4ed2679', '74869d89-0011-45b6-bd3b-df6572fa601e', 'Đồng hồ nữ Daniel Wellington RA-AC0F02B10B', 'Daniel Wellington', 'Mỹ', 'Đặc biệt', 'Automatic Chronometer', '46mm', 'Kim loại cao cấp', '18cm', '50m', 22, 13757697.85, 39, '["/uploads/1746628415698.webp"]', '2025-06-04 17:29:54', '2025-06-04 17:29:54'),
('4405d220-2ebd-41fa-a986-6b4d639398b7', '74869d89-0011-45b6-bd3b-df6572fa601e', 'Đồng hồ nữ Skagen FS4835', 'Skagen', 'Thụy Sĩ', 'Vuông', 'Automatic', '50mm', 'Thép không gỉ kết hợp ceramic', '16cm', '40m', 3, 14350756.04, 11, '["/uploads/1746628415699.webp"]', '2025-06-04 17:29:54', '2025-06-04 17:29:54'),
('7b2ac4af-b266-46fd-90a3-f9d965648dbb', '74869d89-0011-45b6-bd3b-df6572fa601e', 'Đồng hồ nữ Orient SSB359P1', 'Orient', 'Thụy Sĩ', 'Vuông', 'Quartz Chronometer', '42mm', 'Gốm ceramic nguyên khối', '16cm', '40m', 19, 18140736.45, 58, '["/uploads/17466284156100.webp"]', '2025-06-04 17:29:54', '2025-06-04 17:29:54'),
('0c217ca1-76a2-459c-8f6d-b258ce99b614', '74869d89-0011-45b6-bd3b-df6572fa601e', 'Đồng hồ nữ Citizen LX-1224', 'Citizen', 'Hàn Quốc', 'Đặc biệt', 'Quartz Chronometer', '42mm', 'Titanium', '20cm', '100m', 43, 2490458.68, 43, '["/uploads/17466284156101.webp"]', '2025-06-04 17:29:54', '2025-06-04 17:29:54'),
('9adf3c9f-e33c-463b-a61b-b21f1fdbfeef', '74869d89-0011-45b6-bd3b-df6572fa601e', 'Đồng hồ nữ Seiko BZ1000-06E', 'Seiko', 'Thụy Sĩ', 'Tròn', 'Automatic Chronometer', '48mm', 'Thép không gỉ 316l mạ vàng pvd', '20cm', '40m', 39, 17148619.04, 43, '["/uploads/1746628415697.webp"]', '2025-06-04 17:29:54', '2025-06-04 17:29:54'),
('4cf17e84-f1dc-45a4-8dab-1c8e0e2aedbb', '74869d89-0011-45b6-bd3b-df6572fa601e', 'Đồng hồ nữ Frederique Constant LX-1224', 'Frederique Constant', 'Thụy Sĩ', 'Vuông', 'Quartz Chronometer', '44mm', 'Thép không gỉ 316l', '20cm', '30m', 15, 10910786.97, 39, '["/uploads/1746628415698.webp"]', '2025-06-04 17:29:54', '2025-06-04 17:29:54'),
('4949c401-cff1-4d1f-9ede-891d53f853a1', '74869d89-0011-45b6-bd3b-df6572fa601e', 'Đồng hồ nữ Claude Bernard LX-1224', 'Claude Bernard', 'Đức', 'Tròn', 'Quartz', '46mm', 'Titanium', '24cm', '30m', 30, 12457921.32, 14, '["/uploads/1746628415699.webp"]', '2025-06-04 17:29:54', '2025-06-04 17:29:54'),
('78352231-09b7-4f35-bce3-b719849e08df', '74869d89-0011-45b6-bd3b-df6572fa601e', 'Đồng hồ nữ Seiko DW00100127', 'Seiko', 'Thụy Sĩ', 'Đặc biệt', 'Automatic', '44mm', 'Kim loại cao cấp', '22cm', '50m', 25, 17968491.85, 22, '["/uploads/17466284156100.webp"]', '2025-06-04 17:29:54', '2025-06-04 17:29:54'),
('15a45163-82eb-4b30-95a8-8a7d34804400', '74869d89-0011-45b6-bd3b-df6572fa601e', 'Đồng hồ nữ Orient MC7141-57A', 'Orient', 'Mỹ', 'Đặc biệt', 'Automatic Chronometer', '50mm', 'Titanium', '22cm', '40m', 5, 19388257.08, 48, '["/uploads/17466284156101.webp"]', '2025-06-04 17:29:54', '2025-06-04 17:29:54'),
('66968ead-408e-4dc2-be61-eb107ff160ca', '74869d89-0011-45b6-bd3b-df6572fa601e', 'Đồng hồ nữ Tissot T065.430.16.031.00', 'Tissot', 'Đức', 'Vuông', 'Automatic Chronometer', '42mm', 'Thép không gỉ dạng lưới milanese', '24cm', '100m', 2, 4550775.45, 45, '["/uploads/1746628415697.webp"]', '2025-06-04 17:29:54', '2025-06-04 17:29:54'),
('6e4503e4-267e-4b42-b936-133e2137e3ea', '74869d89-0011-45b6-bd3b-df6572fa601e', 'Đồng hồ nữ Orient RA-AC0F02B10B', 'Orient', 'Đức', 'Vuông', 'Quartz Chronometer', '50mm', 'Kim loại cao cấp', '24cm', '30m', 16, 15150787.18, 43, '["/uploads/1746628415698.webp"]', '2025-06-04 17:29:54', '2025-06-04 17:29:54'),
('cf816c40-3622-4187-b095-d5b7e42740ef', '74869d89-0011-45b6-bd3b-df6572fa601e', 'Đồng hồ nữ Maurice Lacroix RA-AC0F02B10B', 'Maurice Lacroix', 'Trung Quốc', 'Chữ nhật', 'Automatic Chronometer', '48mm', 'Thép không gỉ dạng lưới milanese', '18cm', '50m', 26, 13918072.98, 29, '["/uploads/1746628415699.webp"]', '2025-06-04 17:29:54', '2025-06-04 17:29:54'),
('600f7f15-a180-4445-a3ea-0eca8663fe8c', '74869d89-0011-45b6-bd3b-df6572fa601e', 'Đồng hồ nữ Certina L3.742.4.96.6', 'Certina', 'Đức', 'Đặc biệt', 'Automatic', '48mm', 'Vỏ mạ pvd', '24cm', '30m', 29, 18350704.01, 59, '["/uploads/17466284156100.webp"]', '2025-06-04 17:29:54', '2025-06-04 17:29:54'),
('e47ec92a-20ea-47ff-942a-f1e34eae45f3', '74869d89-0011-45b6-bd3b-df6572fa601e', 'Đồng hồ nữ Casio LX-1224', 'Casio', 'Mỹ', 'Tròn', 'Automatic', '50mm', 'Gốm ceramic nguyên khối', '20cm', '40m', 27, 12914071.5, 12, '["/uploads/17466284156101.webp"]', '2025-06-04 17:29:54', '2025-06-04 17:29:54'),
('f56fbeff-a61b-477c-a71b-4a7e4b5a3935', '74869d89-0011-45b6-bd3b-df6572fa601e', 'Đồng hồ nữ Longines RA-AC0F02B10B', 'Longines', 'Thụy Sĩ', 'Vuông', 'Eco-Drive', '50mm', 'Thép không gỉ 316l', '16cm', '40m', 38, 12804872.84, 24, '["/uploads/1746628415697.webp"]', '2025-06-04 17:29:54', '2025-06-04 17:29:54'),
('37e6ef9f-36d3-4faf-8496-265026300bf0', '74869d89-0011-45b6-bd3b-df6572fa601e', 'Đồng hồ nữ Longines SKW6007', 'Longines', 'Mỹ', 'Oval', 'Automatic Chronometer', '42mm', 'Gốm ceramic nguyên khối', '16cm', '40m', 21, 1633594.49, 31, '["/uploads/1746628415698.webp"]', '2025-06-04 17:29:54', '2025-06-04 17:29:54'),
('b8dce007-2fa3-45e9-a80b-fb3c1d2ba91d', '74869d89-0011-45b6-bd3b-df6572fa601e', 'Đồng hồ nữ Certina T065.430.16.031.00', 'Certina', 'Trung Quốc', 'Vuông', 'Eco-Drive', '48mm', 'Gốm ceramic nguyên khối', '22cm', '30m', 26, 19134665.35, 13, '["/uploads/1746628415699.webp"]', '2025-06-04 17:29:54', '2025-06-04 17:29:54'),
('ae9a9b35-4861-48fc-b967-9ee92a644ec6', '74869d89-0011-45b6-bd3b-df6572fa601e', 'Đồng hồ nữ Citizen BZ1000-06E', 'Citizen', 'Trung Quốc', 'Tròn', 'Quartz', '40mm', 'Thép không gỉ 316l mạ vàng pvd', '22cm', '50m', 26, 8327504.94, 26, '["/uploads/17466284156100.webp"]', '2025-06-04 17:29:54', '2025-06-04 17:29:54'),
('c5e3601e-0a72-4084-b182-1afeaf927f81', '74869d89-0011-45b6-bd3b-df6572fa601e', 'Đồng hồ nữ Casio OB15BD64', 'Casio', 'Thụy Điển', 'Chữ nhật', 'Eco-Drive', '42mm', 'Thép không gỉ dạng lưới milanese', '24cm', '40m', 15, 10481933.78, 44, '["/uploads/17466284156101.webp"]', '2025-06-04 17:29:54', '2025-06-04 17:29:54'),
('ad3b595e-6e5b-4ed0-8a42-32e3cd9bd392', '74869d89-0011-45b6-bd3b-df6572fa601e', 'Đồng hồ nữ Seiko MTP-V002GL-7B3UDF', 'Seiko', 'Trung Quốc', 'Vuông', 'Eco-Drive', '44mm', 'Thép không gỉ dạng lưới milanese', '18cm', '100m', 15, 18969311.54, 37, '["/uploads/1746628415697.webp"]', '2025-06-04 17:29:54', '2025-06-04 17:29:54'),
('badb0566-eb3d-497e-a4a1-7f1ac6fe5e6c', '74869d89-0011-45b6-bd3b-df6572fa601e', 'Đồng hồ nữ Fossil HYT H0', 'Fossil', 'Trung Quốc', 'Vuông', 'Automatic Chronometer', '44mm', 'Vỏ mạ pvd', '18cm', '100m', 31, 4414821.6, 31, '["/uploads/1746628415698.webp"]', '2025-06-04 17:29:54', '2025-06-04 17:29:54'),
('bd70dbd6-6cdd-48b6-b568-0281b060c92f', '74869d89-0011-45b6-bd3b-df6572fa601e', 'Đồng hồ nữ Edox MK8281', 'Edox', 'Nhật Bản', 'Vuông', 'Automatic', '42mm', 'Vỏ mạ pvd', '16cm', '30m', 43, 7492056.91, 25, '["/uploads/1746628415699.webp"]', '2025-06-04 17:29:54', '2025-06-04 17:29:54'),
('7c88e02f-a666-440d-aaea-cb35ef7d226e', '74869d89-0011-45b6-bd3b-df6572fa601e', 'Đồng hồ nữ Hamilton MC7141-57A', 'Hamilton', 'Đức', 'Tròn', 'Quartz', '50mm', 'Kim loại cao cấp', '24cm', '40m', 19, 9987711.3, 10, '["/uploads/17466284156100.webp"]', '2025-06-04 17:29:54', '2025-06-04 17:29:54'),
('b86e1640-0adb-4a7b-b4ee-9ac84e0dbe15', '74869d89-0011-45b6-bd3b-df6572fa601e', 'Đồng hồ nữ Olympia Star BZ1000-06E', 'Olympia Star', 'Đức', 'Chữ nhật', 'Automatic Chronometer', '30mm', 'Kim loại cao cấp', '22cm', '40m', 19, 17637755.82, 56, '["/uploads/17466284156101.webp"]', '2025-06-04 17:29:54', '2025-06-04 17:29:54'),
('512a3c82-f687-4da4-bb89-93745db98728', '74869d89-0011-45b6-bd3b-df6572fa601e', 'Đồng hồ nữ Titoni MN1-701-51', 'Titoni', 'Đức', 'Tròn', 'Quartz', '42mm', 'Thép không gỉ 316l mạ vàng pvd', '24cm', '50m', 27, 4046726.41, 20, '["/uploads/1746628415697.webp"]', '2025-06-04 17:29:54', '2025-06-04 17:29:54'),
('7f7f558a-50d2-4a12-bd03-9a97ef34137d', '74869d89-0011-45b6-bd3b-df6572fa601e', 'Đồng hồ nữ Longines SKW6007', 'Longines', 'Thụy Điển', 'Oval', 'Eco-Drive', '48mm', 'Thép không gỉ 316l mạ vàng pvd', '18cm', '100m', 46, 15443426.23, 16, '["/uploads/1746628415698.webp"]', '2025-06-04 17:29:54', '2025-06-04 17:29:54'),
('2b76bbcf-3c6f-4829-bd0c-5d99120b3b7e', '74869d89-0011-45b6-bd3b-df6572fa601e', 'Đồng hồ nữ Calvin Klein RA-AC0F02B10B', 'Calvin Klein', 'Đức', 'Tròn', 'Eco-Drive', '40mm', 'Thép không gỉ dạng lưới milanese', '16cm', '50m', 5, 12416746.81, 27, '["/uploads/1746628415699.webp"]', '2025-06-04 17:29:54', '2025-06-04 17:29:54'),
('f8a15ab5-2198-4950-928b-b23baafef533', '74869d89-0011-45b6-bd3b-df6572fa601e', 'Đồng hồ nữ Hamilton BI5000-87L', 'Hamilton', 'Nhật Bản', 'Oval', 'Quartz', '30mm', 'Thép không gỉ 316l mạ vàng pvd', '22cm', '100m', 24, 2317397.48, 16, '["/uploads/17466284156100.webp"]', '2025-06-04 17:29:54', '2025-06-04 17:29:54'),
('c3c827b7-db09-4086-a01c-191e77cebaf8', '74869d89-0011-45b6-bd3b-df6572fa601e', 'Đồng hồ nữ Daniel Wellington MC7141-57A', 'Daniel Wellington', 'Trung Quốc', 'Tròn', 'Eco-Drive', '40mm', 'Kim loại cao cấp', '22cm', '40m', 2, 8859539.03, 21, '["/uploads/17466284156101.webp"]', '2025-06-04 17:29:54', '2025-06-04 17:29:54'),
('f87556c5-d1e2-4ba6-802e-ed7f1dd780f6', '74869d89-0011-45b6-bd3b-df6572fa601e', 'Đồng hồ nữ Olympia Star SSB359P1', 'Olympia Star', 'Hàn Quốc', 'Oval', 'Quartz', '44mm', 'Thép không gỉ 316l', '18cm', '40m', 20, 1880256.04, 19, '["/uploads/1746628415697.webp"]', '2025-06-04 17:29:54', '2025-06-04 17:29:54'),
('ed3dced1-4bd6-43df-98c5-ecf21edb93c9', '74869d89-0011-45b6-bd3b-df6572fa601e', 'Đồng hồ nữ Skagen AQ-230A-7BMQY', 'Skagen', 'Đức', 'Vuông', 'Quartz', '42mm', 'Thép không gỉ 316l', '20cm', '30m', 48, 12182453.16, 56, '["/uploads/1746628415698.webp"]', '2025-06-04 17:29:54', '2025-06-04 17:29:54'),
('27bc9d4f-1060-4aa2-81a9-3949752d702a', '74869d89-0011-45b6-bd3b-df6572fa601e', 'Đồng hồ nữ Citizen SKW6007', 'Citizen', 'Trung Quốc', 'Oval', 'Quartz Chronograph', '50mm', 'Kim loại cao cấp', '20cm', '40m', 4, 3431538.16, 34, '["/uploads/1746628415699.webp"]', '2025-06-04 17:29:54', '2025-06-04 17:29:54'),
('211c1aef-e7fd-45cc-884b-6df79c1ce229', '74869d89-0011-45b6-bd3b-df6572fa601e', 'Đồng hồ nữ Edox HYT H0', 'Edox', 'Nhật Bản', 'Chữ nhật', 'Quartz Chronometer', '46mm', 'Vỏ mạ pvd', '16cm', '30m', 7, 17793154.48, 60, '["/uploads/17466284156100.webp"]', '2025-06-04 17:29:54', '2025-06-04 17:29:54'),
('07f148cf-1c7e-4d63-a6d6-cd71d8a14563', '74869d89-0011-45b6-bd3b-df6572fa601e', 'Đồng hồ nữ Titoni RA-AC0F02B10B', 'Titoni', 'Trung Quốc', 'Đặc biệt', 'Quartz Chronometer', '48mm', 'Thép không gỉ 316l', '22cm', '50m', 19, 4670264.82, 20, '["/uploads/17466284156101.webp"]', '2025-06-04 17:29:54', '2025-06-04 17:29:54'),
('1246848d-8839-41f7-8b17-8b7495c7d0da', 'c5fb561a-0a94-4ad4-84fa-a3c95433bfb4', 'Đồng hồ đôi Hamilton AQ-230A-7BMQY', 'Hamilton', 'Trung Quốc', 'Đặc biệt', 'Quartz Chronometer', '48mm', 'Vỏ mạ pvd', '22cm', '50m', 6, 11902608.42, 55, '["/uploads/1746628415697.webp"]', '2025-06-04 17:29:54', '2025-06-04 17:29:54'),
('180849cd-be96-4a20-a35b-6efa42d6f4a5', 'c5fb561a-0a94-4ad4-84fa-a3c95433bfb4', 'Đồng hồ đôi Casio MK8281', 'Casio', 'Hàn Quốc', 'Vuông', 'Quartz', '46mm', 'Thép không gỉ 316l', '24cm', '40m', 6, 2306736.25, 15, '["/uploads/1746628415698.webp"]', '2025-06-04 17:29:54', '2025-06-04 17:29:54'),
('ac04603f-ceb7-4dd3-9d7b-14745b2b6c45', 'c5fb561a-0a94-4ad4-84fa-a3c95433bfb4', 'Đồng hồ đôi Edox LX-1224', 'Edox', 'Mỹ', 'Tròn', 'Quartz', '46mm', 'Thép không gỉ 316l mạ vàng pvd', '16cm', '40m', 27, 19685993.67, 35, '["/uploads/1746628415699.webp"]', '2025-06-04 17:29:54', '2025-06-04 17:29:54'),
('1bfa83db-5185-4dc8-8f54-aa57f92f9ea4', 'c5fb561a-0a94-4ad4-84fa-a3c95433bfb4', 'Đồng hồ đôi Daniel Wellington RA-AC0F02B10B', 'Daniel Wellington', 'Trung Quốc', 'Đặc biệt', 'Automatic', '30mm', 'Vỏ mạ pvd', '18cm', '100m', 25, 13396814.32, 29, '["/uploads/17466284156100.webp"]', '2025-06-04 17:29:54', '2025-06-04 17:29:54'),
('943ed071-0486-40b3-b6df-6a81e92c049d', 'c5fb561a-0a94-4ad4-84fa-a3c95433bfb4', 'Đồng hồ đôi Olympia Star FS4835', 'Olympia Star', 'Nhật Bản', 'Vuông', 'Quartz', '30mm', 'Thép không gỉ kết hợp ceramic', '20cm', '30m', 15, 13693064.02, 37, '["/uploads/17466284156101.webp"]', '2025-06-04 17:29:54', '2025-06-04 17:29:54'),
('2abf7a48-aeeb-49ab-9dd3-064f8fd3e983', 'c5fb561a-0a94-4ad4-84fa-a3c95433bfb4', 'Đồng hồ đôi Fossil BI5000-87L', 'Fossil', 'Thụy Điển', 'Đặc biệt', 'Quartz Chronograph', '50mm', 'Thép không gỉ dạng lưới milanese', '18cm', '50m', 5, 4998233.44, 54, '["/uploads/1746628415697.webp"]', '2025-06-04 17:29:54', '2025-06-04 17:29:54'),
('5d9d7fdd-1a05-438e-a255-dd0688439702', 'c5fb561a-0a94-4ad4-84fa-a3c95433bfb4', 'Đồng hồ đôi Orient FS4835', 'Orient', 'Đức', 'Chữ nhật', 'Eco-Drive', '50mm', 'Thép không gỉ 316l mạ vàng pvd', '16cm', '100m', 24, 13583066.88, 41, '["/uploads/1746628415698.webp"]', '2025-06-04 17:29:54', '2025-06-04 17:29:54'),
('2ef8f90b-c2be-4751-845c-278fd4980322', 'c5fb561a-0a94-4ad4-84fa-a3c95433bfb4', 'Đồng hồ đôi Skagen L3.742.4.96.6', 'Skagen', 'Nhật Bản', 'Đặc biệt', 'Quartz', '30mm', 'Vỏ mạ pvd', '20cm', '50m', 42, 10074187.31, 50, '["/uploads/1746628415699.webp"]', '2025-06-04 17:29:54', '2025-06-04 17:29:54'),
('0ef046bf-13a7-470a-a730-bf7bde4a02cd', 'c5fb561a-0a94-4ad4-84fa-a3c95433bfb4', 'Đồng hồ đôi Citizen LX-1224', 'Citizen', 'Hàn Quốc', 'Đặc biệt', 'Automatic Chronometer', '42mm', 'Titanium', '24cm', '40m', 15, 1180380.48, 13, '["/uploads/17466284156100.webp"]', '2025-06-04 17:29:54', '2025-06-04 17:29:54'),
('f8bd92b2-006f-4471-88f5-85d685762aed', 'c5fb561a-0a94-4ad4-84fa-a3c95433bfb4', 'Đồng hồ đôi Mido BI5000-87L', 'Mido', 'Nhật Bản', 'Chữ nhật', 'Automatic Chronometer', '48mm', 'Vỏ mạ pvd', '22cm', '30m', 37, 2869629.38, 49, '["/uploads/17466284156101.webp"]', '2025-06-04 17:29:54', '2025-06-04 17:29:54'),
('682e9be2-0609-4d12-a7df-bc4bf45a7c0e', 'c5fb561a-0a94-4ad4-84fa-a3c95433bfb4', 'Đồng hồ đôi Calvin Klein SKW6007', 'Calvin Klein', 'Thụy Sĩ', 'Đặc biệt', 'Quartz Chronometer', '30mm', 'Thép không gỉ kết hợp ceramic', '18cm', '50m', 9, 4035494.79, 12, '["/uploads/1746628415697.webp"]', '2025-06-04 17:29:54', '2025-06-04 17:29:54'),
('235e71db-33c8-4017-bbe7-1b1b9764743f', 'c5fb561a-0a94-4ad4-84fa-a3c95433bfb4', 'Đồng hồ đôi Orient DW00100127', 'Orient', 'Thụy Sĩ', 'Chữ nhật', 'Eco-Drive', '50mm', 'Thép không gỉ 316l mạ vàng pvd', '18cm', '40m', 36, 10388593.47, 34, '["/uploads/1746628415698.webp"]', '2025-06-04 17:29:54', '2025-06-04 17:29:54'),
('0b6ac2ee-f4e0-4f25-a6e9-a3d05ba1c438', 'c5fb561a-0a94-4ad4-84fa-a3c95433bfb4', 'Đồng hồ đôi Maurice Lacroix H32565165', 'Maurice Lacroix', 'Mỹ', 'Oval', 'Quartz Chronometer', '50mm', 'Vỏ mạ pvd', '24cm', '40m', 4, 5433643.86, 34, '["/uploads/1746628415699.webp"]', '2025-06-04 17:29:54', '2025-06-04 17:29:54'),
('d7593896-0570-4b2d-8349-b3dc136061c2', 'c5fb561a-0a94-4ad4-84fa-a3c95433bfb4', 'Đồng hồ đôi Orient FS4835', 'Orient', 'Thụy Điển', 'Vuông', 'Eco-Drive', '48mm', 'Vỏ mạ pvd', '22cm', '30m', 2, 5980951.78, 58, '["/uploads/17466284156100.webp"]', '2025-06-04 17:29:54', '2025-06-04 17:29:54'),
('fffbe0f9-3d7e-4e93-89ea-2a3dfd2c9d99', 'c5fb561a-0a94-4ad4-84fa-a3c95433bfb4', 'Đồng hồ đôi Daniel Wellington MN1-701-51', 'Daniel Wellington', 'Hàn Quốc', 'Tròn', 'Quartz', '50mm', 'Vỏ mạ pvd', '18cm', '30m', 24, 14884119.91, 22, '["/uploads/17466284156101.webp"]', '2025-06-04 17:29:54', '2025-06-04 17:29:54'),
('4b561b60-6eb8-4b77-9c69-af364b4a8ba1', 'c5fb561a-0a94-4ad4-84fa-a3c95433bfb4', 'Đồng hồ đôi Frederique Constant LX-1224', 'Frederique Constant', 'Đức', 'Đặc biệt', 'Eco-Drive', '30mm', 'Titanium', '24cm', '50m', 31, 17400474.69, 38, '["/uploads/1746628415697.webp"]', '2025-06-04 17:29:54', '2025-06-04 17:29:54'),
('4506f224-72e5-4d08-aab1-6fc4d251a834', 'c5fb561a-0a94-4ad4-84fa-a3c95433bfb4', 'Đồng hồ đôi Certina SSB359P1', 'Certina', 'Hàn Quốc', 'Tròn', 'Quartz', '46mm', 'Kim loại cao cấp', '16cm', '30m', 10, 17814521.69, 23, '["/uploads/1746628415698.webp"]', '2025-06-04 17:29:54', '2025-06-04 17:29:54'),
('1728e5b6-df4c-4d94-afe1-0f40b2f1b2b7', 'c5fb561a-0a94-4ad4-84fa-a3c95433bfb4', 'Đồng hồ đôi Certina DW00100127', 'Certina', 'Thụy Điển', 'Oval', 'Quartz', '40mm', 'Vỏ mạ pvd', '20cm', '40m', 17, 2975748.18, 30, '["/uploads/1746628415699.webp"]', '2025-06-04 17:29:54', '2025-06-04 17:29:54'),
('1d16bb9b-a66b-44b8-a8ab-10b42c2f588c', 'c5fb561a-0a94-4ad4-84fa-a3c95433bfb4', 'Đồng hồ đôi Skagen RA-AC0F02B10B', 'Skagen', 'Thụy Sĩ', 'Chữ nhật', 'Quartz', '48mm', 'Thép không gỉ 316l', '22cm', '40m', 11, 19123005.71, 52, '["/uploads/17466284156100.webp"]', '2025-06-04 17:29:54', '2025-06-04 17:29:54'),
('9907b02e-42e2-4211-9d6a-7b53bb93b1eb', 'c5fb561a-0a94-4ad4-84fa-a3c95433bfb4', 'Đồng hồ đôi Frederique Constant H32565165', 'Frederique Constant', 'Thụy Điển', 'Tròn', 'Quartz', '50mm', 'Vỏ mạ pvd', '22cm', '30m', 41, 5348095.9, 47, '["/uploads/17466284156101.webp"]', '2025-06-04 17:29:54', '2025-06-04 17:29:54'),
('57acac0b-f205-4c7c-803c-c6f35169de9c', 'c5fb561a-0a94-4ad4-84fa-a3c95433bfb4', 'Đồng hồ đôi Longines T065.430.16.031.00', 'Longines', 'Đức', 'Tròn', 'Automatic Chronometer', '44mm', 'Titanium', '16cm', '100m', 32, 8100717.98, 25, '["/uploads/1746628415697.webp"]', '2025-06-04 17:29:54', '2025-06-04 17:29:54'),
('8e2507a4-4682-40eb-851b-f8a49c02e600', 'c5fb561a-0a94-4ad4-84fa-a3c95433bfb4', 'Đồng hồ đôi Claude Bernard MTP-V002GL-7B3UDF', 'Claude Bernard', 'Hàn Quốc', 'Tròn', 'Quartz Chronometer', '40mm', 'Thép không gỉ kết hợp ceramic', '22cm', '100m', 34, 94123583.02, 28, '["/uploads/1746628415698.webp"]', '2025-06-04 17:29:54', '2025-06-04 17:29:54'),
('754cb45e-0d94-4bae-91ef-a52d9992f083', 'c5fb561a-0a94-4ad4-84fa-a3c95433bfb4', 'Đồng hồ đôi Casio SSB359P1', 'Casio', 'Thụy Điển', 'Chữ nhật', 'Eco-Drive', '30mm', 'Thép không gỉ dạng lưới milanese', '18cm', '40m', 13, 93636026.61, 56, '["/uploads/1746628415699.webp"]', '2025-06-04 17:29:54', '2025-06-04 17:29:54'),
('05c5c345-471e-412a-8eb6-6cd8ab4c81ec', 'c5fb561a-0a94-4ad4-84fa-a3c95433bfb4', 'Đồng hồ đôi Skagen T065.430.16.031.00', 'Skagen', 'Mỹ', 'Chữ nhật', 'Quartz Chronograph', '42mm', 'Thép không gỉ kết hợp ceramic', '22cm', '30m', 11, 36084331.41, 43, '["/uploads/17466284156100.webp"]', '2025-06-04 17:29:54', '2025-06-04 17:29:54'),
('554bacbe-88da-4edf-a964-368df459f9c4', 'c5fb561a-0a94-4ad4-84fa-a3c95433bfb4', 'Đồng hồ đôi Titoni AQ-230A-7BMQY', 'Titoni', 'Đức', 'Chữ nhật', 'Automatic', '30mm', 'Kim loại cao cấp', '16cm', '40m', 17, 91104348.17, 35, '["/uploads/17466284156101.webp"]', '2025-06-04 17:29:54', '2025-06-04 17:29:54'),
('86cccd7e-d11d-403f-9fb9-b9f6db01596e', 'c5fb561a-0a94-4ad4-84fa-a3c95433bfb4', 'Đồng hồ đôi Daniel Wellington DW00100127', 'Daniel Wellington', 'Nhật Bản', 'Tròn', 'Quartz', '40mm', 'Thép không gỉ 316l mạ vàng pvd', '24cm', '40m', 31, 88343293.25, 48, '["/uploads/1746628415697.webp"]', '2025-06-04 17:29:54', '2025-06-04 17:29:54'),
('abf3ca6f-f1ab-4760-bebd-ee8bc70026f4', 'c5fb561a-0a94-4ad4-84fa-a3c95433bfb4', 'Đồng hồ đôi Daniel Wellington DW00100127', 'Daniel Wellington', 'Thụy Điển', 'Vuông', 'Automatic', '44mm', 'Gốm ceramic nguyên khối', '20cm', '50m', 5, 34651982.5, 16, '["/uploads/1746628415698.webp"]', '2025-06-04 17:29:54', '2025-06-04 17:29:54'),
('1816657a-6d4e-4161-8a14-2a2f90527714', 'c5fb561a-0a94-4ad4-84fa-a3c95433bfb4', 'Đồng hồ đôi Titoni BZ1000-06E', 'Titoni', 'Thụy Điển', 'Chữ nhật', 'Automatic Chronometer', '40mm', 'Vỏ mạ pvd', '18cm', '50m', 23, 109218296.74, 54, '["/uploads/1746628415699.webp"]', '2025-06-04 17:29:54', '2025-06-04 17:29:54'),
('44527d8e-cc19-4134-a781-157c126d5f7e', 'c5fb561a-0a94-4ad4-84fa-a3c95433bfb4', 'Đồng hồ đôi Longines MC7141-57A', 'Longines', 'Nhật Bản', 'Chữ nhật', 'Automatic Chronometer', '44mm', 'Thép không gỉ 316l', '24cm', '30m', 5, 101137314.47, 44, '["/uploads/17466284156100.webp"]', '2025-06-04 17:29:54', '2025-06-04 17:29:54'),
('ff752376-293e-4c43-897d-ed49ab2bf9d3', 'c5fb561a-0a94-4ad4-84fa-a3c95433bfb4', 'Đồng hồ đôi Skagen LX-1224', 'Skagen', 'Hàn Quốc', 'Tròn', 'Quartz Chronometer', '48mm', 'Thép không gỉ 316l', '20cm', '30m', 35, 99895474.4, 43, '["/uploads/17466284156101.webp"]', '2025-06-04 17:29:54', '2025-06-04 17:29:54'),
('ec4c1d6d-a043-4a04-aef7-24c6b7cfb2a8', 'c5fb561a-0a94-4ad4-84fa-a3c95433bfb4', 'Đồng hồ đôi Edox RA-AC0F02B10B', 'Edox', 'Đức', 'Oval', 'Quartz Chronograph', '46mm', 'Vỏ mạ pvd', '22cm', '40m', 18, 107928157.04, 15, '["/uploads/1746628415697.webp"]', '2025-06-04 17:29:54', '2025-06-04 17:29:54'),
('8bd834af-6a17-4061-9254-b85f5f901132', 'c5fb561a-0a94-4ad4-84fa-a3c95433bfb4', 'Đồng hồ đôi Edox H32565165', 'Edox', 'Trung Quốc', 'Đặc biệt', 'Automatic Chronometer', '42mm', 'Kim loại cao cấp', '24cm', '100m', 38, 70423147.98, 13, '["/uploads/1746628415698.webp"]', '2025-06-04 17:29:54', '2025-06-04 17:29:54'),
('99c93f38-a3dd-4d16-b181-5c4c04af8bfd', 'c5fb561a-0a94-4ad4-84fa-a3c95433bfb4', 'Đồng hồ đôi Olympia Star SKW6007', 'Olympia Star', 'Thụy Điển', 'Tròn', 'Quartz Chronometer', '40mm', 'Titanium', '16cm', '50m', 29, 63357416.98, 20, '["/uploads/1746628415699.webp"]', '2025-06-04 17:29:54', '2025-06-04 17:29:54'),
('78f309e9-e928-4952-a56e-4bc357f737ee', 'c5fb561a-0a94-4ad4-84fa-a3c95433bfb4', 'Đồng hồ đôi Frederique Constant H32565165', 'Frederique Constant', 'Mỹ', 'Vuông', 'Quartz Chronograph', '40mm', 'Thép không gỉ 316l mạ vàng pvd', '20cm', '100m', 4, 106362979.97, 53, '["/uploads/17466284156100.webp"]', '2025-06-04 17:29:54', '2025-06-04 17:29:54'),
('5e3f912b-8d83-47fd-966a-a357b7c6cb78', 'c5fb561a-0a94-4ad4-84fa-a3c95433bfb4', 'Đồng hồ đôi Mido FS4835', 'Mido', 'Nhật Bản', 'Vuông', 'Automatic Chronometer', '50mm', 'Gốm ceramic nguyên khối', '24cm', '50m', 30, 72749300.72, 56, '["/uploads/17466284156101.webp"]', '2025-06-04 17:29:54', '2025-06-04 17:29:54'),
('b8318a49-1e75-4d5e-bd50-bcd769e1f73f', 'c5fb561a-0a94-4ad4-84fa-a3c95433bfb4', 'Đồng hồ đôi Claude Bernard FS4835', 'Claude Bernard', 'Nhật Bản', 'Chữ nhật', 'Automatic Chronometer', '42mm', 'Thép không gỉ 316l', '24cm', '30m', 19, 78829080.07, 59, '["/uploads/1746628415697.webp"]', '2025-06-04 17:29:54', '2025-06-04 17:29:54'),
('e5311136-4d0a-4aa1-bea4-b05104549eb9', 'c5fb561a-0a94-4ad4-84fa-a3c95433bfb4', 'Đồng hồ đôi Orient T137.410.11.041.00', 'Orient', 'Thụy Sĩ', 'Vuông', 'Eco-Drive', '40mm', 'Thép không gỉ kết hợp ceramic', '18cm', '50m', 12, 35495434.36, 15, '["/uploads/1746628415698.webp"]', '2025-06-04 17:29:54', '2025-06-04 17:29:54'),
('9a898fa6-b822-4eb7-8798-b9a8293f5785', 'c5fb561a-0a94-4ad4-84fa-a3c95433bfb4', 'Đồng hồ đôi Hamilton MN1-701-51', 'Hamilton', 'Hàn Quốc', 'Vuông', 'Automatic', '46mm', 'Thép không gỉ 316l mạ vàng pvd', '24cm', '50m', 4, 88379873.27, 28, '["/uploads/1746628415699.webp"]', '2025-06-04 17:29:54', '2025-06-04 17:29:54'),
('c81cbd78-51eb-48fe-995f-57a94c7a6a99', 'c5fb561a-0a94-4ad4-84fa-a3c95433bfb4', 'Đồng hồ đôi Hamilton AQ-230A-7BMQY', 'Hamilton', 'Thụy Sĩ', 'Đặc biệt', 'Automatic Chronometer', '44mm', 'Titanium', '16cm', '50m', 4, 52967308.31, 17, '["/uploads/17466284156100.webp"]', '2025-06-04 17:29:54', '2025-06-04 17:29:54'),
('e7ac17a3-cf6d-4b68-8f96-8bda9fa006cd', 'c5fb561a-0a94-4ad4-84fa-a3c95433bfb4', 'Đồng hồ đôi Casio L3.742.4.96.6', 'Casio', 'Hàn Quốc', 'Oval', 'Quartz', '48mm', 'Titanium', '20cm', '30m', 48, 56630267.32, 16, '["/uploads/17466284156101.webp"]', '2025-06-04 17:29:54', '2025-06-04 17:29:54'),
('c0dff935-ba9d-42e8-a272-42f50d6860e8', 'c5fb561a-0a94-4ad4-84fa-a3c95433bfb4', 'Đồng hồ đôi Casio MTP-V002GL-7B3UDF', 'Casio', 'Thụy Điển', 'Vuông', 'Automatic Chronometer', '48mm', 'Thép không gỉ 316l mạ vàng pvd', '20cm', '30m', 23, 36400497.72, 48, '["/uploads/1746628415697.webp"]', '2025-06-04 17:29:54', '2025-06-04 17:29:54'),
('5f6a2c13-6d21-4d40-b6ba-5a0576f92e4c', 'c5fb561a-0a94-4ad4-84fa-a3c95433bfb4', 'Đồng hồ đôi Claude Bernard SSB359P1', 'Claude Bernard', 'Trung Quốc', 'Oval', 'Eco-Drive', '46mm', 'Kim loại cao cấp', '16cm', '100m', 28, 53506267.05, 57, '["/uploads/1746628415698.webp"]', '2025-06-04 17:29:54', '2025-06-04 17:29:54'),
('d8dbe581-e169-482e-8669-22f0480156db', 'c5fb561a-0a94-4ad4-84fa-a3c95433bfb4', 'Đồng hồ đôi Skagen MN1-701-51', 'Skagen', 'Thụy Sĩ', 'Vuông', 'Automatic', '40mm', 'Thép không gỉ dạng lưới milanese', '16cm', '100m', 38, 87693033.74, 29, '["/uploads/1746628415699.webp"]', '2025-06-04 17:29:54', '2025-06-04 17:29:54'),
('49a4c741-4eaf-42d9-b763-4af86077b0a2', 'c5fb561a-0a94-4ad4-84fa-a3c95433bfb4', 'Đồng hồ đôi Edox HYT H0', 'Edox', 'Trung Quốc', 'Chữ nhật', 'Automatic', '50mm', 'Gốm ceramic nguyên khối', '22cm', '40m', 8, 86148635.41, 48, '["/uploads/17466284156100.webp"]', '2025-06-04 17:29:54', '2025-06-04 17:29:54'),
('40450b0c-6f8b-48c1-80cd-1a57092d921d', 'c5fb561a-0a94-4ad4-84fa-a3c95433bfb4', 'Đồng hồ đôi Tissot MC7141-57A', 'Tissot', 'Hàn Quốc', 'Oval', 'Automatic Chronometer', '46mm', 'Gốm ceramic nguyên khối', '24cm', '40m', 1, 20452604.99, 23, '["/uploads/17466284156101.webp"]', '2025-06-04 17:29:54', '2025-06-04 17:29:54'),
('ef61ce3a-7c04-481f-983f-51e58f7c4a58', 'c5fb561a-0a94-4ad4-84fa-a3c95433bfb4', 'Đồng hồ đôi Maurice Lacroix SRPD55K1', 'Maurice Lacroix', 'Thụy Sĩ', 'Tròn', 'Quartz Chronometer', '30mm', 'Thép không gỉ 316l', '24cm', '40m', 47, 80502683.63, 25, '["/uploads/1746628415697.webp"]', '2025-06-04 17:29:54', '2025-06-04 17:29:54'),
('27ed2e4e-0348-441a-8be6-72c87fc27e94', 'c5fb561a-0a94-4ad4-84fa-a3c95433bfb4', 'Đồng hồ đôi Mido SSB359P1', 'Mido', 'Mỹ', 'Chữ nhật', 'Automatic Chronometer', '42mm', 'Thép không gỉ kết hợp ceramic', '20cm', '40m', 28, 90266457.08, 52, '["/uploads/1746628415698.webp"]', '2025-06-04 17:29:54', '2025-06-04 17:29:54'),
('dc54717e-563e-4ef3-b663-e791b7a425fa', 'c5fb561a-0a94-4ad4-84fa-a3c95433bfb4', 'Đồng hồ đôi Frederique Constant MK8281', 'Frederique Constant', 'Thụy Sĩ', 'Đặc biệt', 'Automatic', '50mm', 'Kim loại cao cấp', '16cm', '50m', 7, 103669870.86, 10, '["/uploads/1746628415699.webp"]', '2025-06-04 17:29:54', '2025-06-04 17:29:54'),
('fdac3ef6-3b9a-4ca4-8f6c-f59a545b9725', 'c5fb561a-0a94-4ad4-84fa-a3c95433bfb4', 'Đồng hồ đôi Mido OB15BD64', 'Mido', 'Hàn Quốc', 'Oval', 'Eco-Drive', '46mm', 'Titanium', '20cm', '100m', 26, 109821999.1, 41, '["/uploads/17466284156100.webp"]', '2025-06-04 17:29:54', '2025-06-04 17:29:54'),
('a226ec97-4c6a-446d-9a2e-8f597c136af9', 'c5fb561a-0a94-4ad4-84fa-a3c95433bfb4', 'Đồng hồ đôi Maurice Lacroix LX-1224', 'Maurice Lacroix', 'Hàn Quốc', 'Chữ nhật', 'Quartz Chronograph', '42mm', 'Thép không gỉ dạng lưới milanese', '24cm', '30m', 17, 39167187.24, 56, '["/uploads/17466284156101.webp"]', '2025-06-04 17:29:54', '2025-06-04 17:29:54'),
('54eb277f-a8cb-4404-ae26-d6cb07b454ee', 'c5fb561a-0a94-4ad4-84fa-a3c95433bfb4', 'Đồng hồ đôi Certina OB15BD64', 'Certina', 'Hàn Quốc', 'Tròn', 'Eco-Drive', '40mm', 'Thép không gỉ kết hợp ceramic', '20cm', '100m', 9, 44363167.63, 34, '["/uploads/1746628415697.webp"]', '2025-06-04 17:29:54', '2025-06-04 17:29:54'),
('41d21bed-6d55-4e3e-bbba-47e962615955', 'c5fb561a-0a94-4ad4-84fa-a3c95433bfb4', 'Đồng hồ đôi Mido T137.410.11.041.00', 'Mido', 'Trung Quốc', 'Chữ nhật', 'Quartz', '40mm', 'Titanium', '22cm', '50m', 17, 79740474.0, 15, '["/uploads/1746628415698.webp"]', '2025-06-04 17:29:54', '2025-06-04 17:29:54'),
('83fefb72-06a1-4473-b0a3-02325f0deea8', 'c5fb561a-0a94-4ad4-84fa-a3c95433bfb4', 'Đồng hồ đôi Skagen H32565165', 'Skagen', 'Thụy Sĩ', 'Vuông', 'Eco-Drive', '42mm', 'Kim loại cao cấp', '22cm', '40m', 25, 23912398.83, 33, '["/uploads/1746628415699.webp"]', '2025-06-04 17:29:54', '2025-06-04 17:29:54'),
('d913f425-e739-4b5d-aec4-c219beebe970', 'c5fb561a-0a94-4ad4-84fa-a3c95433bfb4', 'Đồng hồ đôi Seiko DW00100127', 'Seiko', 'Thụy Sĩ', 'Tròn', 'Automatic Chronometer', '46mm', 'Thép không gỉ 316l mạ vàng pvd', '18cm', '50m', 20, 100186881.48, 44, '["/uploads/17466284156100.webp"]', '2025-06-04 17:29:54', '2025-06-04 17:29:54'),
('b436c5f7-54b7-469b-ab19-8c569fd45655', 'c5fb561a-0a94-4ad4-84fa-a3c95433bfb4', 'Đồng hồ đôi Hamilton RA-AC0F02B10B', 'Hamilton', 'Nhật Bản', 'Tròn', 'Quartz Chronograph', '44mm', 'Kim loại cao cấp', '24cm', '50m', 4, 48264204.99, 54, '["/uploads/17466284156101.webp"]', '2025-06-04 17:29:54', '2025-06-04 17:29:54'),
('a0eb1ce7-a1bc-4214-a2f3-f28abbbaec78', 'c5fb561a-0a94-4ad4-84fa-a3c95433bfb4', 'Đồng hồ đôi Longines T065.430.16.031.00', 'Longines', 'Thụy Sĩ', 'Vuông', 'Eco-Drive', '48mm', 'Gốm ceramic nguyên khối', '24cm', '40m', 45, 27977647.94, 50, '["/uploads/1746628415697.webp"]', '2025-06-04 17:29:54', '2025-06-04 17:29:54'),
('ab3349bb-7ebc-46f5-8364-ec14005a8fad', 'c5fb561a-0a94-4ad4-84fa-a3c95433bfb4', 'Đồng hồ đôi Certina T065.430.16.031.00', 'Certina', 'Thụy Sĩ', 'Oval', 'Eco-Drive', '30mm', 'Kim loại cao cấp', '20cm', '50m', 5, 33594958.4, 52, '["/uploads/1746628415698.webp"]', '2025-06-04 17:29:54', '2025-06-04 17:29:54'),
('0e2dfa82-addd-4cb0-8aec-4f3b55746b2a', 'c5fb561a-0a94-4ad4-84fa-a3c95433bfb4', 'Đồng hồ đôi Titoni MK8281', 'Titoni', 'Mỹ', 'Vuông', 'Automatic', '50mm', 'Gốm ceramic nguyên khối', '24cm', '30m', 11, 92511984.51, 59, '["/uploads/1746628415699.webp"]', '2025-06-04 17:29:54', '2025-06-04 17:29:54'),
('520072fb-58df-4eb6-aec5-ab0c0219883b', 'c5fb561a-0a94-4ad4-84fa-a3c95433bfb4', 'Đồng hồ đôi Frederique Constant RA-AC0F02B10B', 'Frederique Constant', 'Trung Quốc', 'Vuông', 'Automatic Chronometer', '46mm', 'Vỏ mạ pvd', '20cm', '40m', 1, 44509946.98, 39, '["/uploads/17466284156100.webp"]', '2025-06-04 17:29:54', '2025-06-04 17:29:54'),
('80a1db11-8ff6-42fe-9552-828d55c6c38e', 'c5fb561a-0a94-4ad4-84fa-a3c95433bfb4', 'Đồng hồ đôi Casio OB15BD64', 'Casio', 'Mỹ', 'Chữ nhật', 'Automatic Chronometer', '46mm', 'Titanium', '24cm', '50m', 15, 100287075.31, 37, '["/uploads/17466284156101.webp"]', '2025-06-04 17:29:54', '2025-06-04 17:29:54'),
('05b2bbbe-83c4-456c-b06f-6e71ed65684d', 'c5fb561a-0a94-4ad4-84fa-a3c95433bfb4', 'Đồng hồ đôi Hamilton OB15BD64', 'Hamilton', 'Hàn Quốc', 'Vuông', 'Quartz Chronograph', '50mm', 'Titanium', '18cm', '100m', 47, 59692521.96, 37, '["/uploads/1746628415697.webp"]', '2025-06-04 17:29:54', '2025-06-04 17:29:54'),
('8d92ad71-221d-4f81-97c2-4d1e2e00b672', 'c5fb561a-0a94-4ad4-84fa-a3c95433bfb4', 'Đồng hồ đôi Mido OB15BD64', 'Mido', 'Hàn Quốc', 'Đặc biệt', 'Quartz Chronometer', '48mm', 'Gốm ceramic nguyên khối', '22cm', '30m', 20, 104703136.47, 15, '["/uploads/1746628415698.webp"]', '2025-06-04 17:29:54', '2025-06-04 17:29:54'),
('f4bcfde8-002b-42d6-bb9c-57e1d12ab8cd', 'c5fb561a-0a94-4ad4-84fa-a3c95433bfb4', 'Đồng hồ đôi Certina MN1-701-51', 'Certina', 'Thụy Sĩ', 'Chữ nhật', 'Quartz Chronometer', '44mm', 'Gốm ceramic nguyên khối', '22cm', '40m', 6, 100447691.25, 16, '["/uploads/1746628415699.webp"]', '2025-06-04 17:29:54', '2025-06-04 17:29:54'),
('099993f6-398f-4136-a9a5-087ded86e73e', 'c5fb561a-0a94-4ad4-84fa-a3c95433bfb4', 'Đồng hồ đôi Claude Bernard MK8281', 'Claude Bernard', 'Hàn Quốc', 'Chữ nhật', 'Quartz Chronograph', '42mm', 'Thép không gỉ dạng lưới milanese', '22cm', '100m', 18, 47858247.56, 45, '["/uploads/17466284156100.webp"]', '2025-06-04 17:29:54', '2025-06-04 17:29:54'),
('471d0ed9-a9a4-4cd0-ac35-1b8401f10f4e', 'c5fb561a-0a94-4ad4-84fa-a3c95433bfb4', 'Đồng hồ đôi Casio SRPD55K1', 'Casio', 'Mỹ', 'Chữ nhật', 'Quartz Chronometer', '40mm', 'Kim loại cao cấp', '24cm', '40m', 48, 52269110.35, 52, '["/uploads/17466284156101.webp"]', '2025-06-04 17:29:54', '2025-06-04 17:29:54'),
('51998b77-59f3-4649-97f4-4cb9def22746', 'c5fb561a-0a94-4ad4-84fa-a3c95433bfb4', 'Đồng hồ đôi Olympia Star SKW6007', 'Olympia Star', 'Trung Quốc', 'Tròn', 'Quartz Chronometer', '30mm', 'Kim loại cao cấp', '20cm', '50m', 37, 41020661.33, 20, '["/uploads/1746628415697.webp"]', '2025-06-04 17:29:54', '2025-06-04 17:29:54'),
('bacb2847-18b1-4286-a69b-835211297fb9', 'c5fb561a-0a94-4ad4-84fa-a3c95433bfb4', 'Đồng hồ đôi Mido H32565165', 'Mido', 'Trung Quốc', 'Oval', 'Quartz Chronograph', '46mm', 'Thép không gỉ kết hợp ceramic', '22cm', '40m', 44, 46245735.98, 20, '["/uploads/1746628415698.webp"]', '2025-06-04 17:29:54', '2025-06-04 17:29:54'),
('0edaa540-224a-4651-a7a4-28fb28febcba', 'c5fb561a-0a94-4ad4-84fa-a3c95433bfb4', 'Đồng hồ đôi Frederique Constant H32565165', 'Frederique Constant', 'Thụy Sĩ', 'Oval', 'Quartz Chronometer', '44mm', 'Thép không gỉ 316l', '24cm', '30m', 29, 95047955.05, 32, '["/uploads/1746628415699.webp"]', '2025-06-04 17:29:54', '2025-06-04 17:29:54'),
('61c30463-c358-4c55-b079-50d465b28364', 'c5fb561a-0a94-4ad4-84fa-a3c95433bfb4', 'Đồng hồ đôi Daniel Wellington BZ1000-06E', 'Daniel Wellington', 'Mỹ', 'Oval', 'Automatic', '42mm', 'Thép không gỉ dạng lưới milanese', '20cm', '30m', 5, 86698888.94, 58, '["/uploads/17466284156100.webp"]', '2025-06-04 17:29:54', '2025-06-04 17:29:54'),
('ec3af1f3-b54e-43c9-83cf-5c50ff712133', 'c5fb561a-0a94-4ad4-84fa-a3c95433bfb4', 'Đồng hồ đôi Titoni T137.410.11.041.00', 'Titoni', 'Nhật Bản', 'Chữ nhật', 'Quartz Chronometer', '30mm', 'Gốm ceramic nguyên khối', '24cm', '100m', 13, 45604114.78, 57, '["/uploads/17466284156101.webp"]', '2025-06-04 17:29:54', '2025-06-04 17:29:54'),
('d900dfd8-2e7b-4783-9de5-47390076c7d5', 'c5fb561a-0a94-4ad4-84fa-a3c95433bfb4', 'Đồng hồ đôi Frederique Constant HYT H0', 'Frederique Constant', 'Đức', 'Oval', 'Automatic Chronometer', '50mm', 'Thép không gỉ kết hợp ceramic', '22cm', '50m', 50, 75211093.99, 28, '["/uploads/1746628415697.webp"]', '2025-06-04 17:29:54', '2025-06-04 17:29:54'),
('7eb3087a-beba-46f1-8f97-f2c139416e77', 'c5fb561a-0a94-4ad4-84fa-a3c95433bfb4', 'Đồng hồ đôi Claude Bernard MC7141-57A', 'Claude Bernard', 'Thụy Điển', 'Chữ nhật', 'Quartz Chronograph', '46mm', 'Thép không gỉ kết hợp ceramic', '16cm', '100m', 33, 40383823.81, 38, '["/uploads/1746628415698.webp"]', '2025-06-04 17:29:54', '2025-06-04 17:29:54'),
('4da50ae1-cdc4-43b4-b0f5-93f7b4b589a4', 'c5fb561a-0a94-4ad4-84fa-a3c95433bfb4', 'Đồng hồ đôi Longines BZ1000-06E', 'Longines', 'Đức', 'Đặc biệt', 'Quartz Chronograph', '42mm', 'Thép không gỉ dạng lưới milanese', '22cm', '40m', 16, 95252732.79, 46, '["/uploads/1746628415699.webp"]', '2025-06-04 17:29:54', '2025-06-04 17:29:54'),
('7feb8023-38b3-45d6-ae94-3049d45bf300', 'c5fb561a-0a94-4ad4-84fa-a3c95433bfb4', 'Đồng hồ đôi Orient BZ1000-06E', 'Orient', 'Mỹ', 'Đặc biệt', 'Quartz', '40mm', 'Thép không gỉ kết hợp ceramic', '24cm', '30m', 48, 69587677.72, 56, '["/uploads/17466284156100.webp"]', '2025-06-04 17:29:54', '2025-06-04 17:29:54'),
('cb97cf1f-ec2b-4615-816f-ce45a679d715', 'c5fb561a-0a94-4ad4-84fa-a3c95433bfb4', 'Đồng hồ đôi Fossil FS4835', 'Fossil', 'Thụy Điển', 'Tròn', 'Automatic Chronometer', '48mm', 'Titanium', '22cm', '100m', 40, 49909595.29, 34, '["/uploads/17466284156101.webp"]', '2025-06-04 17:29:54', '2025-06-04 17:29:54'),
('4dff9a7c-8cdf-45e2-b7c4-b002d8eea95b', 'c5fb561a-0a94-4ad4-84fa-a3c95433bfb4', 'Đồng hồ đôi Mido LX-1224', 'Mido', 'Nhật Bản', 'Chữ nhật', 'Automatic Chronometer', '48mm', 'Thép không gỉ 316l mạ vàng pvd', '22cm', '30m', 6, 80028076.99, 24, '["/uploads/1746628415697.webp"]', '2025-06-04 17:29:54', '2025-06-04 17:29:54'),
('ee0cc2b2-e8f3-40de-b60c-2b755f9b66da', 'c5fb561a-0a94-4ad4-84fa-a3c95433bfb4', 'Đồng hồ đôi Seiko MC7141-57A', 'Seiko', 'Đức', 'Chữ nhật', 'Quartz Chronograph', '40mm', 'Thép không gỉ dạng lưới milanese', '22cm', '100m', 12, 58440191.26, 14, '["/uploads/1746628415698.webp"]', '2025-06-04 17:29:54', '2025-06-04 17:29:54'),
('ccedcb84-16d8-47ff-b035-2cec2432805d', 'c5fb561a-0a94-4ad4-84fa-a3c95433bfb4', 'Đồng hồ đôi Frederique Constant SSB359P1', 'Frederique Constant', 'Thụy Sĩ', 'Tròn', 'Eco-Drive', '42mm', 'Thép không gỉ dạng lưới milanese', '16cm', '40m', 35, 66280190.2, 45, '["/uploads/1746628415699.webp"]', '2025-06-04 17:29:54', '2025-06-04 17:29:54'),
('160c60ec-1012-4bac-8871-155630465f7a', 'c5fb561a-0a94-4ad4-84fa-a3c95433bfb4', 'Đồng hồ đôi Hamilton T137.410.11.041.00', 'Hamilton', 'Nhật Bản', 'Tròn', 'Quartz', '48mm', 'Thép không gỉ 316l mạ vàng pvd', '18cm', '50m', 25, 102492725.22, 13, '["/uploads/17466284156100.webp"]', '2025-06-04 17:29:54', '2025-06-04 17:29:54'),
('02236c89-35e4-48a2-87f5-f1034ce69e49', 'c5fb561a-0a94-4ad4-84fa-a3c95433bfb4', 'Đồng hồ đôi Certina DW00100127', 'Certina', 'Thụy Điển', 'Tròn', 'Quartz Chronometer', '42mm', 'Thép không gỉ 316l', '22cm', '30m', 7, 67256374.06, 21, '["/uploads/17466284156101.webp"]', '2025-06-04 17:29:54', '2025-06-04 17:29:54'),
('093f2394-5b54-4b0c-9ef6-2ca79579cda1', 'c5fb561a-0a94-4ad4-84fa-a3c95433bfb4', 'Đồng hồ đôi Fossil T065.430.16.031.00', 'Fossil', 'Đức', 'Vuông', 'Automatic', '42mm', 'Vỏ mạ pvd', '20cm', '50m', 35, 78003750.3, 29, '["/uploads/1746628415697.webp"]', '2025-06-04 17:29:54', '2025-06-04 17:29:54'),
('2b393055-95f1-4b0d-bd82-699e4da1f6b3', 'c5fb561a-0a94-4ad4-84fa-a3c95433bfb4', 'Đồng hồ đôi Claude Bernard MN1-701-51', 'Claude Bernard', 'Thụy Điển', 'Chữ nhật', 'Quartz Chronograph', '40mm', 'Vỏ mạ pvd', '18cm', '100m', 6, 51682254.13, 14, '["/uploads/1746628415698.webp"]', '2025-06-04 17:29:54', '2025-06-04 17:29:54'),
('49e76916-0840-4106-ad14-e44fcf795dd1', 'c5fb561a-0a94-4ad4-84fa-a3c95433bfb4', 'Đồng hồ đôi Olympia Star LX-1224', 'Olympia Star', 'Trung Quốc', 'Chữ nhật', 'Automatic Chronometer', '46mm', 'Kim loại cao cấp', '24cm', '50m', 48, 66669646.58, 42, '["/uploads/1746628415699.webp"]', '2025-06-04 17:29:54', '2025-06-04 17:29:54'),
('74ade546-186c-41c9-968b-b31e6299253b', 'c5fb561a-0a94-4ad4-84fa-a3c95433bfb4', 'Đồng hồ đôi Hamilton FS4835', 'Hamilton', 'Hàn Quốc', 'Đặc biệt', 'Quartz Chronometer', '44mm', 'Thép không gỉ dạng lưới milanese', '24cm', '50m', 21, 109526070.19, 56, '["/uploads/17466284156100.webp"]', '2025-06-04 17:29:54', '2025-06-04 17:29:54'),
('62111457-9539-4712-8b04-59e2b004d053', 'c5fb561a-0a94-4ad4-84fa-a3c95433bfb4', 'Đồng hồ đôi Mido MC7141-57A', 'Mido', 'Hàn Quốc', 'Oval', 'Quartz Chronograph', '42mm', 'Kim loại cao cấp', '16cm', '50m', 14, 71210234.2, 40, '["/uploads/17466284156101.webp"]', '2025-06-04 17:29:54', '2025-06-04 17:29:54'),
('eb12d8d0-25ce-41fb-88bb-eaefbd7354ad', 'c5fb561a-0a94-4ad4-84fa-a3c95433bfb4', 'Đồng hồ đôi Longines BI5000-87L', 'Longines', 'Nhật Bản', 'Chữ nhật', 'Eco-Drive', '42mm', 'Thép không gỉ 316l', '20cm', '40m', 28, 87460707.35, 26, '["/uploads/1746628415697.webp"]', '2025-06-04 17:29:54', '2025-06-04 17:29:54'),
('e5dd9c24-1608-4b5e-95ae-f8af36014291', 'c5fb561a-0a94-4ad4-84fa-a3c95433bfb4', 'Đồng hồ đôi Titoni AQ-230A-7BMQY', 'Titoni', 'Trung Quốc', 'Chữ nhật', 'Eco-Drive', '42mm', 'Thép không gỉ dạng lưới milanese', '22cm', '40m', 45, 20848338.78, 40, '["/uploads/1746628415698.webp"]', '2025-06-04 17:29:54', '2025-06-04 17:29:54'),
('ccb996cf-dc3a-4674-b8e8-247c8fd26afa', 'c5fb561a-0a94-4ad4-84fa-a3c95433bfb4', 'Đồng hồ đôi Citizen SRPD55K1', 'Citizen', 'Mỹ', 'Đặc biệt', 'Quartz', '30mm', 'Thép không gỉ dạng lưới milanese', '18cm', '40m', 7, 100400728.35, 52, '["/uploads/1746628415699.webp"]', '2025-06-04 17:29:54', '2025-06-04 17:29:54'),
('97640276-7b9f-4020-8a79-3c270084ebd2', 'c5fb561a-0a94-4ad4-84fa-a3c95433bfb4', 'Đồng hồ đôi Hamilton RA-AC0F02B10B', 'Hamilton', 'Trung Quốc', 'Chữ nhật', 'Quartz Chronometer', '50mm', 'Gốm ceramic nguyên khối', '22cm', '40m', 34, 34359377.08, 11, '["/uploads/17466284156100.webp"]', '2025-06-04 17:29:54', '2025-06-04 17:29:54'),
('3cb90891-15ff-459b-8842-202c172ebfd9', 'c5fb561a-0a94-4ad4-84fa-a3c95433bfb4', 'Đồng hồ đôi Maurice Lacroix T065.430.16.031.00', 'Maurice Lacroix', 'Thụy Sĩ', 'Tròn', 'Automatic', '42mm', 'Thép không gỉ dạng lưới milanese', '16cm', '100m', 16, 90958952.88, 36, '["/uploads/17466284156101.webp"]', '2025-06-04 17:29:54', '2025-06-04 17:29:54');
